/*
Navicat MySQL Data Transfer
Source Host     : localhost:3306
Source Database : blog
Target Host     : localhost:3306
Target Database : blog
Date: 2015-01-24 19:06:40
*/

SET FOREIGN_KEY_CHECKS=0;
-- ----------------------------
-- Table structure for blogcontent
-- ----------------------------
DROP TABLE IF EXISTS `blogcontent`;
CREATE TABLE `blogcontent` (
  `log_Id` int(11) NOT NULL auto_increment,
  `title` varchar(40) default NULL,
  `content` longtext,
  `send_Time` varchar(30) default NULL,
  `correct_Time` varchar(30) default NULL,
  `img_Name` varchar(40) default NULL,
  `flag` int(11) default NULL,
  `click` int(11) default NULL,
  `award` int(11) default NULL,
  `bloguser` int(11) default NULL,
  `category` int(11) default NULL,
  PRIMARY KEY  (`log_Id`),
  KEY `FK_dh428mvumry7nei1kg5pdgsu0` (`bloguser`),
  KEY `FK_ntvgga2bfmm5bglv4tjbbsvje` (`category`),
  CONSTRAINT `FK_dh428mvumry7nei1kg5pdgsu0` FOREIGN KEY (`bloguser`) REFERENCES `bloguser` (`u_Id`),
  CONSTRAINT `FK_ntvgga2bfmm5bglv4tjbbsvje` FOREIGN KEY (`category`) REFERENCES `category` (`id`)
) ENGINE=InnoDB DEFAULT CHARSET=utf8;

-- ----------------------------
-- Records of blogcontent
-- ----------------------------
INSERT INTO `blogcontent` VALUES ('1', '深惠3B线', '0深惠3B线更名“深惠3线”贯穿龙岗中心城、东莞凤岗、惠州惠阳明天首条贯穿深圳、惠州、东莞三地的公交线路深惠3线将正式开通。该线路连接三地，将为缓解大型企业如富士康、华为、伯恩厂的员工出行以及沿海交通压力。三地市民出行更方便深圳市交通运输委员会着力于深惠、深莞交会公交线路的优化及合理布局。近期，将原深惠3A、3B线路进行优化和调整，将于6月10日正式开通。优化调整后的深惠3B线路名称变更为“深惠3线”(原3A线只作微调)，是至今首条贯通深莞惠三市的公交线路。深惠3线覆盖了深圳龙岗中心城，东莞凤岗以及惠州惠阳片区，实现了深莞惠三地5个毗邻镇（街道）之间的跨界出行，并且与我市轨道交通、城际高铁和城市公交等综合交通实现了无缝衔接。因该线路经过富士康、华为，伯恩厂等大型企业，缓解了他们员工出行困难的问题。该线路主要途经站点：惠阳秋长白石汽车站、坑梓街道办、坪山国惠康、五洲龙、世贸百货、龙岗汽车总站、黄阁翠苑、雁田海关、平湖汽车站、富士康、华为、万科城、坂田民营市场、梅林联检站、深圳北站。深圳东部沿海公交更便捷', '2014-6-9', null, null, '0', '0', '0', null, '1');
INSERT INTO `blogcontent` VALUES ('2', '深惠3B线', '1深惠3B线更名“深惠3线”贯穿龙岗中心城、东莞凤岗、惠州惠阳明天首条贯穿深圳、惠州、东莞三地的公交线路深惠3线将正式开通。该线路连接三地，将为缓解大型企业如富士康、华为、伯恩厂的员工出行以及沿海交通压力。三地市民出行更方便深圳市交通运输委员会着力于深惠、深莞交会公交线路的优化及合理布局。近期，将原深惠3A、3B线路进行优化和调整，将于6月10日正式开通。优化调整后的深惠3B线路名称变更为“深惠3线”(原3A线只作微调)，是至今首条贯通深莞惠三市的公交线路。深惠3线覆盖了深圳龙岗中心城，东莞凤岗以及惠州惠阳片区，实现了深莞惠三地5个毗邻镇（街道）之间的跨界出行，并且与我市轨道交通、城际高铁和城市公交等综合交通实现了无缝衔接。因该线路经过富士康、华为，伯恩厂等大型企业，缓解了他们员工出行困难的问题。该线路主要途经站点：惠阳秋长白石汽车站、坑梓街道办、坪山国惠康、五洲龙、世贸百货、龙岗汽车总站、黄阁翠苑、雁田海关、平湖汽车站、富士康、华为、万科城、坂田民营市场、梅林联检站、深圳北站。深圳东部沿海公交更便捷', '2014-6-9', null, null, '0', '0', '0', null, '4');
INSERT INTO `blogcontent` VALUES ('3', '深惠3B线', '2深惠3B线更名“深惠3线”贯穿龙岗中心城、东莞凤岗、惠州惠阳明天首条贯穿深圳、惠州、东莞三地的公交线路深惠3线将正式开通。该线路连接三地，将为缓解大型企业如富士康、华为、伯恩厂的员工出行以及沿海交通压力。三地市民出行更方便深圳市交通运输委员会着力于深惠、深莞交会公交线路的优化及合理布局。近期，将原深惠3A、3B线路进行优化和调整，将于6月10日正式开通。优化调整后的深惠3B线路名称变更为“深惠3线”(原3A线只作微调)，是至今首条贯通深莞惠三市的公交线路。深惠3线覆盖了深圳龙岗中心城，东莞凤岗以及惠州惠阳片区，实现了深莞惠三地5个毗邻镇（街道）之间的跨界出行，并且与我市轨道交通、城际高铁和城市公交等综合交通实现了无缝衔接。因该线路经过富士康、华为，伯恩厂等大型企业，缓解了他们员工出行困难的问题。该线路主要途经站点：惠阳秋长白石汽车站、坑梓街道办、坪山国惠康、五洲龙、世贸百货、龙岗汽车总站、黄阁翠苑、雁田海关、平湖汽车站、富士康、华为、万科城、坂田民营市场、梅林联检站、深圳北站。深圳东部沿海公交更便捷', '2014-6-9', null, null, '0', '0', '0', null, '1');
INSERT INTO `blogcontent` VALUES ('4', '深惠3B线', '3深惠3B线更名“深惠3线”贯穿龙岗中心城、东莞凤岗、惠州惠阳明天首条贯穿深圳、惠州、东莞三地的公交线路深惠3线将正式开通。该线路连接三地，将为缓解大型企业如富士康、华为、伯恩厂的员工出行以及沿海交通压力。三地市民出行更方便深圳市交通运输委员会着力于深惠、深莞交会公交线路的优化及合理布局。近期，将原深惠3A、3B线路进行优化和调整，将于6月10日正式开通。优化调整后的深惠3B线路名称变更为“深惠3线”(原3A线只作微调)，是至今首条贯通深莞惠三市的公交线路。深惠3线覆盖了深圳龙岗中心城，东莞凤岗以及惠州惠阳片区，实现了深莞惠三地5个毗邻镇（街道）之间的跨界出行，并且与我市轨道交通、城际高铁和城市公交等综合交通实现了无缝衔接。因该线路经过富士康、华为，伯恩厂等大型企业，缓解了他们员工出行困难的问题。该线路主要途经站点：惠阳秋长白石汽车站、坑梓街道办、坪山国惠康、五洲龙、世贸百货、龙岗汽车总站、黄阁翠苑、雁田海关、平湖汽车站、富士康、华为、万科城、坂田民营市场、梅林联检站、深圳北站。深圳东部沿海公交更便捷', '2014-6-9', null, null, '0', '0', '0', null, '4');
INSERT INTO `blogcontent` VALUES ('5', '深惠3B线', '4深惠3B线更名“深惠3线”贯穿龙岗中心城、东莞凤岗、惠州惠阳明天首条贯穿深圳、惠州、东莞三地的公交线路深惠3线将正式开通。该线路连接三地，将为缓解大型企业如富士康、华为、伯恩厂的员工出行以及沿海交通压力。三地市民出行更方便深圳市交通运输委员会着力于深惠、深莞交会公交线路的优化及合理布局。近期，将原深惠3A、3B线路进行优化和调整，将于6月10日正式开通。优化调整后的深惠3B线路名称变更为“深惠3线”(原3A线只作微调)，是至今首条贯通深莞惠三市的公交线路。深惠3线覆盖了深圳龙岗中心城，东莞凤岗以及惠州惠阳片区，实现了深莞惠三地5个毗邻镇（街道）之间的跨界出行，并且与我市轨道交通、城际高铁和城市公交等综合交通实现了无缝衔接。因该线路经过富士康、华为，伯恩厂等大型企业，缓解了他们员工出行困难的问题。该线路主要途经站点：惠阳秋长白石汽车站、坑梓街道办、坪山国惠康、五洲龙、世贸百货、龙岗汽车总站、黄阁翠苑、雁田海关、平湖汽车站、富士康、华为、万科城、坂田民营市场、梅林联检站、深圳北站。深圳东部沿海公交更便捷', '2014-6-9', null, null, '0', '0', '0', null, '1');
INSERT INTO `blogcontent` VALUES ('6', '深惠3B线', '5深惠3B线更名“深惠3线”贯穿龙岗中心城、东莞凤岗、惠州惠阳明天首条贯穿深圳、惠州、东莞三地的公交线路深惠3线将正式开通。该线路连接三地，将为缓解大型企业如富士康、华为、伯恩厂的员工出行以及沿海交通压力。三地市民出行更方便深圳市交通运输委员会着力于深惠、深莞交会公交线路的优化及合理布局。近期，将原深惠3A、3B线路进行优化和调整，将于6月10日正式开通。优化调整后的深惠3B线路名称变更为“深惠3线”(原3A线只作微调)，是至今首条贯通深莞惠三市的公交线路。深惠3线覆盖了深圳龙岗中心城，东莞凤岗以及惠州惠阳片区，实现了深莞惠三地5个毗邻镇（街道）之间的跨界出行，并且与我市轨道交通、城际高铁和城市公交等综合交通实现了无缝衔接。因该线路经过富士康、华为，伯恩厂等大型企业，缓解了他们员工出行困难的问题。该线路主要途经站点：惠阳秋长白石汽车站、坑梓街道办、坪山国惠康、五洲龙、世贸百货、龙岗汽车总站、黄阁翠苑、雁田海关、平湖汽车站、富士康、华为、万科城、坂田民营市场、梅林联检站、深圳北站。深圳东部沿海公交更便捷', '2014-6-9', null, null, '0', '0', '0', null, '4');
INSERT INTO `blogcontent` VALUES ('7', '深惠3B线', '6深惠3B线更名“深惠3线”贯穿龙岗中心城、东莞凤岗、惠州惠阳明天首条贯穿深圳、惠州、东莞三地的公交线路深惠3线将正式开通。该线路连接三地，将为缓解大型企业如富士康、华为、伯恩厂的员工出行以及沿海交通压力。三地市民出行更方便深圳市交通运输委员会着力于深惠、深莞交会公交线路的优化及合理布局。近期，将原深惠3A、3B线路进行优化和调整，将于6月10日正式开通。优化调整后的深惠3B线路名称变更为“深惠3线”(原3A线只作微调)，是至今首条贯通深莞惠三市的公交线路。深惠3线覆盖了深圳龙岗中心城，东莞凤岗以及惠州惠阳片区，实现了深莞惠三地5个毗邻镇（街道）之间的跨界出行，并且与我市轨道交通、城际高铁和城市公交等综合交通实现了无缝衔接。因该线路经过富士康、华为，伯恩厂等大型企业，缓解了他们员工出行困难的问题。该线路主要途经站点：惠阳秋长白石汽车站、坑梓街道办、坪山国惠康、五洲龙、世贸百货、龙岗汽车总站、黄阁翠苑、雁田海关、平湖汽车站、富士康、华为、万科城、坂田民营市场、梅林联检站、深圳北站。深圳东部沿海公交更便捷', '2014-6-9', null, null, '0', '0', '0', null, '1');
INSERT INTO `blogcontent` VALUES ('8', '深惠3B线', '7深惠3B线更名“深惠3线”贯穿龙岗中心城、东莞凤岗、惠州惠阳明天首条贯穿深圳、惠州、东莞三地的公交线路深惠3线将正式开通。该线路连接三地，将为缓解大型企业如富士康、华为、伯恩厂的员工出行以及沿海交通压力。三地市民出行更方便深圳市交通运输委员会着力于深惠、深莞交会公交线路的优化及合理布局。近期，将原深惠3A、3B线路进行优化和调整，将于6月10日正式开通。优化调整后的深惠3B线路名称变更为“深惠3线”(原3A线只作微调)，是至今首条贯通深莞惠三市的公交线路。深惠3线覆盖了深圳龙岗中心城，东莞凤岗以及惠州惠阳片区，实现了深莞惠三地5个毗邻镇（街道）之间的跨界出行，并且与我市轨道交通、城际高铁和城市公交等综合交通实现了无缝衔接。因该线路经过富士康、华为，伯恩厂等大型企业，缓解了他们员工出行困难的问题。该线路主要途经站点：惠阳秋长白石汽车站、坑梓街道办、坪山国惠康、五洲龙、世贸百货、龙岗汽车总站、黄阁翠苑、雁田海关、平湖汽车站、富士康、华为、万科城、坂田民营市场、梅林联检站、深圳北站。深圳东部沿海公交更便捷', '2014-6-9', null, null, '0', '0', '0', null, '4');
INSERT INTO `blogcontent` VALUES ('9', '深惠3B线', '8深惠3B线更名“深惠3线”贯穿龙岗中心城、东莞凤岗、惠州惠阳明天首条贯穿深圳、惠州、东莞三地的公交线路深惠3线将正式开通。该线路连接三地，将为缓解大型企业如富士康、华为、伯恩厂的员工出行以及沿海交通压力。三地市民出行更方便深圳市交通运输委员会着力于深惠、深莞交会公交线路的优化及合理布局。近期，将原深惠3A、3B线路进行优化和调整，将于6月10日正式开通。优化调整后的深惠3B线路名称变更为“深惠3线”(原3A线只作微调)，是至今首条贯通深莞惠三市的公交线路。深惠3线覆盖了深圳龙岗中心城，东莞凤岗以及惠州惠阳片区，实现了深莞惠三地5个毗邻镇（街道）之间的跨界出行，并且与我市轨道交通、城际高铁和城市公交等综合交通实现了无缝衔接。因该线路经过富士康、华为，伯恩厂等大型企业，缓解了他们员工出行困难的问题。该线路主要途经站点：惠阳秋长白石汽车站、坑梓街道办、坪山国惠康、五洲龙、世贸百货、龙岗汽车总站、黄阁翠苑、雁田海关、平湖汽车站、富士康、华为、万科城、坂田民营市场、梅林联检站、深圳北站。深圳东部沿海公交更便捷', '2014-6-9', null, null, '0', '0', '0', null, '1');
INSERT INTO `blogcontent` VALUES ('10', '深惠3B线', '9深惠3B线更名“深惠3线”贯穿龙岗中心城、东莞凤岗、惠州惠阳明天首条贯穿深圳、惠州、东莞三地的公交线路深惠3线将正式开通。该线路连接三地，将为缓解大型企业如富士康、华为、伯恩厂的员工出行以及沿海交通压力。三地市民出行更方便深圳市交通运输委员会着力于深惠、深莞交会公交线路的优化及合理布局。近期，将原深惠3A、3B线路进行优化和调整，将于6月10日正式开通。优化调整后的深惠3B线路名称变更为“深惠3线”(原3A线只作微调)，是至今首条贯通深莞惠三市的公交线路。深惠3线覆盖了深圳龙岗中心城，东莞凤岗以及惠州惠阳片区，实现了深莞惠三地5个毗邻镇（街道）之间的跨界出行，并且与我市轨道交通、城际高铁和城市公交等综合交通实现了无缝衔接。因该线路经过富士康、华为，伯恩厂等大型企业，缓解了他们员工出行困难的问题。该线路主要途经站点：惠阳秋长白石汽车站、坑梓街道办、坪山国惠康、五洲龙、世贸百货、龙岗汽车总站、黄阁翠苑、雁田海关、平湖汽车站、富士康、华为、万科城、坂田民营市场、梅林联检站、深圳北站。深圳东部沿海公交更便捷', '2014-6-9', null, null, '0', '0', '0', null, '4');
INSERT INTO `blogcontent` VALUES ('11', '深惠3B线', '10深惠3B线更名“深惠3线”贯穿龙岗中心城、东莞凤岗、惠州惠阳明天首条贯穿深圳、惠州、东莞三地的公交线路深惠3线将正式开通。该线路连接三地，将为缓解大型企业如富士康、华为、伯恩厂的员工出行以及沿海交通压力。三地市民出行更方便深圳市交通运输委员会着力于深惠、深莞交会公交线路的优化及合理布局。近期，将原深惠3A、3B线路进行优化和调整，将于6月10日正式开通。优化调整后的深惠3B线路名称变更为“深惠3线”(原3A线只作微调)，是至今首条贯通深莞惠三市的公交线路。深惠3线覆盖了深圳龙岗中心城，东莞凤岗以及惠州惠阳片区，实现了深莞惠三地5个毗邻镇（街道）之间的跨界出行，并且与我市轨道交通、城际高铁和城市公交等综合交通实现了无缝衔接。因该线路经过富士康、华为，伯恩厂等大型企业，缓解了他们员工出行困难的问题。该线路主要途经站点：惠阳秋长白石汽车站、坑梓街道办、坪山国惠康、五洲龙、世贸百货、龙岗汽车总站、黄阁翠苑、雁田海关、平湖汽车站、富士康、华为、万科城、坂田民营市场、梅林联检站、深圳北站。深圳东部沿海公交更便捷', '2014-6-9', null, null, '0', '0', '0', null, '1');
INSERT INTO `blogcontent` VALUES ('12', '深惠3B线', '11深惠3B线更名“深惠3线”贯穿龙岗中心城、东莞凤岗、惠州惠阳明天首条贯穿深圳、惠州、东莞三地的公交线路深惠3线将正式开通。该线路连接三地，将为缓解大型企业如富士康、华为、伯恩厂的员工出行以及沿海交通压力。三地市民出行更方便深圳市交通运输委员会着力于深惠、深莞交会公交线路的优化及合理布局。近期，将原深惠3A、3B线路进行优化和调整，将于6月10日正式开通。优化调整后的深惠3B线路名称变更为“深惠3线”(原3A线只作微调)，是至今首条贯通深莞惠三市的公交线路。深惠3线覆盖了深圳龙岗中心城，东莞凤岗以及惠州惠阳片区，实现了深莞惠三地5个毗邻镇（街道）之间的跨界出行，并且与我市轨道交通、城际高铁和城市公交等综合交通实现了无缝衔接。因该线路经过富士康、华为，伯恩厂等大型企业，缓解了他们员工出行困难的问题。该线路主要途经站点：惠阳秋长白石汽车站、坑梓街道办、坪山国惠康、五洲龙、世贸百货、龙岗汽车总站、黄阁翠苑、雁田海关、平湖汽车站、富士康、华为、万科城、坂田民营市场、梅林联检站、深圳北站。深圳东部沿海公交更便捷', '2014-6-9', null, null, '0', '0', '0', null, '4');
INSERT INTO `blogcontent` VALUES ('13', '深惠3B线', '12深惠3B线更名“深惠3线”贯穿龙岗中心城、东莞凤岗、惠州惠阳明天首条贯穿深圳、惠州、东莞三地的公交线路深惠3线将正式开通。该线路连接三地，将为缓解大型企业如富士康、华为、伯恩厂的员工出行以及沿海交通压力。三地市民出行更方便深圳市交通运输委员会着力于深惠、深莞交会公交线路的优化及合理布局。近期，将原深惠3A、3B线路进行优化和调整，将于6月10日正式开通。优化调整后的深惠3B线路名称变更为“深惠3线”(原3A线只作微调)，是至今首条贯通深莞惠三市的公交线路。深惠3线覆盖了深圳龙岗中心城，东莞凤岗以及惠州惠阳片区，实现了深莞惠三地5个毗邻镇（街道）之间的跨界出行，并且与我市轨道交通、城际高铁和城市公交等综合交通实现了无缝衔接。因该线路经过富士康、华为，伯恩厂等大型企业，缓解了他们员工出行困难的问题。该线路主要途经站点：惠阳秋长白石汽车站、坑梓街道办、坪山国惠康、五洲龙、世贸百货、龙岗汽车总站、黄阁翠苑、雁田海关、平湖汽车站、富士康、华为、万科城、坂田民营市场、梅林联检站、深圳北站。深圳东部沿海公交更便捷', '2014-6-9', null, null, '0', '0', '0', null, '1');
INSERT INTO `blogcontent` VALUES ('14', '深惠3B线', '13深惠3B线更名“深惠3线”贯穿龙岗中心城、东莞凤岗、惠州惠阳明天首条贯穿深圳、惠州、东莞三地的公交线路深惠3线将正式开通。该线路连接三地，将为缓解大型企业如富士康、华为、伯恩厂的员工出行以及沿海交通压力。三地市民出行更方便深圳市交通运输委员会着力于深惠、深莞交会公交线路的优化及合理布局。近期，将原深惠3A、3B线路进行优化和调整，将于6月10日正式开通。优化调整后的深惠3B线路名称变更为“深惠3线”(原3A线只作微调)，是至今首条贯通深莞惠三市的公交线路。深惠3线覆盖了深圳龙岗中心城，东莞凤岗以及惠州惠阳片区，实现了深莞惠三地5个毗邻镇（街道）之间的跨界出行，并且与我市轨道交通、城际高铁和城市公交等综合交通实现了无缝衔接。因该线路经过富士康、华为，伯恩厂等大型企业，缓解了他们员工出行困难的问题。该线路主要途经站点：惠阳秋长白石汽车站、坑梓街道办、坪山国惠康、五洲龙、世贸百货、龙岗汽车总站、黄阁翠苑、雁田海关、平湖汽车站、富士康、华为、万科城、坂田民营市场、梅林联检站、深圳北站。深圳东部沿海公交更便捷', '2014-6-9', null, null, '0', '0', '0', null, '4');
INSERT INTO `blogcontent` VALUES ('15', '深惠3B线', '14深惠3B线更名“深惠3线”贯穿龙岗中心城、东莞凤岗、惠州惠阳明天首条贯穿深圳、惠州、东莞三地的公交线路深惠3线将正式开通。该线路连接三地，将为缓解大型企业如富士康、华为、伯恩厂的员工出行以及沿海交通压力。三地市民出行更方便深圳市交通运输委员会着力于深惠、深莞交会公交线路的优化及合理布局。近期，将原深惠3A、3B线路进行优化和调整，将于6月10日正式开通。优化调整后的深惠3B线路名称变更为“深惠3线”(原3A线只作微调)，是至今首条贯通深莞惠三市的公交线路。深惠3线覆盖了深圳龙岗中心城，东莞凤岗以及惠州惠阳片区，实现了深莞惠三地5个毗邻镇（街道）之间的跨界出行，并且与我市轨道交通、城际高铁和城市公交等综合交通实现了无缝衔接。因该线路经过富士康、华为，伯恩厂等大型企业，缓解了他们员工出行困难的问题。该线路主要途经站点：惠阳秋长白石汽车站、坑梓街道办、坪山国惠康、五洲龙、世贸百货、龙岗汽车总站、黄阁翠苑、雁田海关、平湖汽车站、富士康、华为、万科城、坂田民营市场、梅林联检站、深圳北站。深圳东部沿海公交更便捷', '2014-6-9', null, null, '0', '0', '0', null, '1');
INSERT INTO `blogcontent` VALUES ('16', '深惠3B线', '15深惠3B线更名“深惠3线”贯穿龙岗中心城、东莞凤岗、惠州惠阳明天首条贯穿深圳、惠州、东莞三地的公交线路深惠3线将正式开通。该线路连接三地，将为缓解大型企业如富士康、华为、伯恩厂的员工出行以及沿海交通压力。三地市民出行更方便深圳市交通运输委员会着力于深惠、深莞交会公交线路的优化及合理布局。近期，将原深惠3A、3B线路进行优化和调整，将于6月10日正式开通。优化调整后的深惠3B线路名称变更为“深惠3线”(原3A线只作微调)，是至今首条贯通深莞惠三市的公交线路。深惠3线覆盖了深圳龙岗中心城，东莞凤岗以及惠州惠阳片区，实现了深莞惠三地5个毗邻镇（街道）之间的跨界出行，并且与我市轨道交通、城际高铁和城市公交等综合交通实现了无缝衔接。因该线路经过富士康、华为，伯恩厂等大型企业，缓解了他们员工出行困难的问题。该线路主要途经站点：惠阳秋长白石汽车站、坑梓街道办、坪山国惠康、五洲龙、世贸百货、龙岗汽车总站、黄阁翠苑、雁田海关、平湖汽车站、富士康、华为、万科城、坂田民营市场、梅林联检站、深圳北站。深圳东部沿海公交更便捷', '2014-6-9', null, null, '0', '0', '0', null, '4');
INSERT INTO `blogcontent` VALUES ('17', '深惠3B线', '16深惠3B线更名“深惠3线”贯穿龙岗中心城、东莞凤岗、惠州惠阳明天首条贯穿深圳、惠州、东莞三地的公交线路深惠3线将正式开通。该线路连接三地，将为缓解大型企业如富士康、华为、伯恩厂的员工出行以及沿海交通压力。三地市民出行更方便深圳市交通运输委员会着力于深惠、深莞交会公交线路的优化及合理布局。近期，将原深惠3A、3B线路进行优化和调整，将于6月10日正式开通。优化调整后的深惠3B线路名称变更为“深惠3线”(原3A线只作微调)，是至今首条贯通深莞惠三市的公交线路。深惠3线覆盖了深圳龙岗中心城，东莞凤岗以及惠州惠阳片区，实现了深莞惠三地5个毗邻镇（街道）之间的跨界出行，并且与我市轨道交通、城际高铁和城市公交等综合交通实现了无缝衔接。因该线路经过富士康、华为，伯恩厂等大型企业，缓解了他们员工出行困难的问题。该线路主要途经站点：惠阳秋长白石汽车站、坑梓街道办、坪山国惠康、五洲龙、世贸百货、龙岗汽车总站、黄阁翠苑、雁田海关、平湖汽车站、富士康、华为、万科城、坂田民营市场、梅林联检站、深圳北站。深圳东部沿海公交更便捷', '2014-6-9', null, null, '0', '0', '0', null, '1');
INSERT INTO `blogcontent` VALUES ('18', '深惠3B线', '17深惠3B线更名“深惠3线”贯穿龙岗中心城、东莞凤岗、惠州惠阳明天首条贯穿深圳、惠州、东莞三地的公交线路深惠3线将正式开通。该线路连接三地，将为缓解大型企业如富士康、华为、伯恩厂的员工出行以及沿海交通压力。三地市民出行更方便深圳市交通运输委员会着力于深惠、深莞交会公交线路的优化及合理布局。近期，将原深惠3A、3B线路进行优化和调整，将于6月10日正式开通。优化调整后的深惠3B线路名称变更为“深惠3线”(原3A线只作微调)，是至今首条贯通深莞惠三市的公交线路。深惠3线覆盖了深圳龙岗中心城，东莞凤岗以及惠州惠阳片区，实现了深莞惠三地5个毗邻镇（街道）之间的跨界出行，并且与我市轨道交通、城际高铁和城市公交等综合交通实现了无缝衔接。因该线路经过富士康、华为，伯恩厂等大型企业，缓解了他们员工出行困难的问题。该线路主要途经站点：惠阳秋长白石汽车站、坑梓街道办、坪山国惠康、五洲龙、世贸百货、龙岗汽车总站、黄阁翠苑、雁田海关、平湖汽车站、富士康、华为、万科城、坂田民营市场、梅林联检站、深圳北站。深圳东部沿海公交更便捷', '2014-6-9', null, null, '0', '0', '0', null, '4');
INSERT INTO `blogcontent` VALUES ('19', '深惠3B线', '18深惠3B线更名“深惠3线”贯穿龙岗中心城、东莞凤岗、惠州惠阳明天首条贯穿深圳、惠州、东莞三地的公交线路深惠3线将正式开通。该线路连接三地，将为缓解大型企业如富士康、华为、伯恩厂的员工出行以及沿海交通压力。三地市民出行更方便深圳市交通运输委员会着力于深惠、深莞交会公交线路的优化及合理布局。近期，将原深惠3A、3B线路进行优化和调整，将于6月10日正式开通。优化调整后的深惠3B线路名称变更为“深惠3线”(原3A线只作微调)，是至今首条贯通深莞惠三市的公交线路。深惠3线覆盖了深圳龙岗中心城，东莞凤岗以及惠州惠阳片区，实现了深莞惠三地5个毗邻镇（街道）之间的跨界出行，并且与我市轨道交通、城际高铁和城市公交等综合交通实现了无缝衔接。因该线路经过富士康、华为，伯恩厂等大型企业，缓解了他们员工出行困难的问题。该线路主要途经站点：惠阳秋长白石汽车站、坑梓街道办、坪山国惠康、五洲龙、世贸百货、龙岗汽车总站、黄阁翠苑、雁田海关、平湖汽车站、富士康、华为、万科城、坂田民营市场、梅林联检站、深圳北站。深圳东部沿海公交更便捷', '2014-6-9', null, null, '0', '0', '0', null, '1');
INSERT INTO `blogcontent` VALUES ('20', '深惠3B线', '19深惠3B线更名“深惠3线”贯穿龙岗中心城、东莞凤岗、惠州惠阳明天首条贯穿深圳、惠州、东莞三地的公交线路深惠3线将正式开通。该线路连接三地，将为缓解大型企业如富士康、华为、伯恩厂的员工出行以及沿海交通压力。三地市民出行更方便深圳市交通运输委员会着力于深惠、深莞交会公交线路的优化及合理布局。近期，将原深惠3A、3B线路进行优化和调整，将于6月10日正式开通。优化调整后的深惠3B线路名称变更为“深惠3线”(原3A线只作微调)，是至今首条贯通深莞惠三市的公交线路。深惠3线覆盖了深圳龙岗中心城，东莞凤岗以及惠州惠阳片区，实现了深莞惠三地5个毗邻镇（街道）之间的跨界出行，并且与我市轨道交通、城际高铁和城市公交等综合交通实现了无缝衔接。因该线路经过富士康、华为，伯恩厂等大型企业，缓解了他们员工出行困难的问题。该线路主要途经站点：惠阳秋长白石汽车站、坑梓街道办、坪山国惠康、五洲龙、世贸百货、龙岗汽车总站、黄阁翠苑、雁田海关、平湖汽车站、富士康、华为、万科城、坂田民营市场、梅林联检站、深圳北站。深圳东部沿海公交更便捷', '2014-6-9', null, null, '0', '0', '0', null, '4');
INSERT INTO `blogcontent` VALUES ('21', '深惠3B线', '20深惠3B线更名“深惠3线”贯穿龙岗中心城、东莞凤岗、惠州惠阳明天首条贯穿深圳、惠州、东莞三地的公交线路深惠3线将正式开通。该线路连接三地，将为缓解大型企业如富士康、华为、伯恩厂的员工出行以及沿海交通压力。三地市民出行更方便深圳市交通运输委员会着力于深惠、深莞交会公交线路的优化及合理布局。近期，将原深惠3A、3B线路进行优化和调整，将于6月10日正式开通。优化调整后的深惠3B线路名称变更为“深惠3线”(原3A线只作微调)，是至今首条贯通深莞惠三市的公交线路。深惠3线覆盖了深圳龙岗中心城，东莞凤岗以及惠州惠阳片区，实现了深莞惠三地5个毗邻镇（街道）之间的跨界出行，并且与我市轨道交通、城际高铁和城市公交等综合交通实现了无缝衔接。因该线路经过富士康、华为，伯恩厂等大型企业，缓解了他们员工出行困难的问题。该线路主要途经站点：惠阳秋长白石汽车站、坑梓街道办、坪山国惠康、五洲龙、世贸百货、龙岗汽车总站、黄阁翠苑、雁田海关、平湖汽车站、富士康、华为、万科城、坂田民营市场、梅林联检站、深圳北站。深圳东部沿海公交更便捷', '2014-6-9', null, null, '0', '0', '0', null, '1');
INSERT INTO `blogcontent` VALUES ('22', '深惠3B线', '21深惠3B线更名“深惠3线”贯穿龙岗中心城、东莞凤岗、惠州惠阳明天首条贯穿深圳、惠州、东莞三地的公交线路深惠3线将正式开通。该线路连接三地，将为缓解大型企业如富士康、华为、伯恩厂的员工出行以及沿海交通压力。三地市民出行更方便深圳市交通运输委员会着力于深惠、深莞交会公交线路的优化及合理布局。近期，将原深惠3A、3B线路进行优化和调整，将于6月10日正式开通。优化调整后的深惠3B线路名称变更为“深惠3线”(原3A线只作微调)，是至今首条贯通深莞惠三市的公交线路。深惠3线覆盖了深圳龙岗中心城，东莞凤岗以及惠州惠阳片区，实现了深莞惠三地5个毗邻镇（街道）之间的跨界出行，并且与我市轨道交通、城际高铁和城市公交等综合交通实现了无缝衔接。因该线路经过富士康、华为，伯恩厂等大型企业，缓解了他们员工出行困难的问题。该线路主要途经站点：惠阳秋长白石汽车站、坑梓街道办、坪山国惠康、五洲龙、世贸百货、龙岗汽车总站、黄阁翠苑、雁田海关、平湖汽车站、富士康、华为、万科城、坂田民营市场、梅林联检站、深圳北站。深圳东部沿海公交更便捷', '2014-6-9', null, null, '0', '0', '0', null, '4');
INSERT INTO `blogcontent` VALUES ('23', '深惠3B线', '22深惠3B线更名“深惠3线”贯穿龙岗中心城、东莞凤岗、惠州惠阳明天首条贯穿深圳、惠州、东莞三地的公交线路深惠3线将正式开通。该线路连接三地，将为缓解大型企业如富士康、华为、伯恩厂的员工出行以及沿海交通压力。三地市民出行更方便深圳市交通运输委员会着力于深惠、深莞交会公交线路的优化及合理布局。近期，将原深惠3A、3B线路进行优化和调整，将于6月10日正式开通。优化调整后的深惠3B线路名称变更为“深惠3线”(原3A线只作微调)，是至今首条贯通深莞惠三市的公交线路。深惠3线覆盖了深圳龙岗中心城，东莞凤岗以及惠州惠阳片区，实现了深莞惠三地5个毗邻镇（街道）之间的跨界出行，并且与我市轨道交通、城际高铁和城市公交等综合交通实现了无缝衔接。因该线路经过富士康、华为，伯恩厂等大型企业，缓解了他们员工出行困难的问题。该线路主要途经站点：惠阳秋长白石汽车站、坑梓街道办、坪山国惠康、五洲龙、世贸百货、龙岗汽车总站、黄阁翠苑、雁田海关、平湖汽车站、富士康、华为、万科城、坂田民营市场、梅林联检站、深圳北站。深圳东部沿海公交更便捷', '2014-6-9', null, null, '0', '0', '0', null, '1');
INSERT INTO `blogcontent` VALUES ('24', '深惠3B线', '23深惠3B线更名“深惠3线”贯穿龙岗中心城、东莞凤岗、惠州惠阳明天首条贯穿深圳、惠州、东莞三地的公交线路深惠3线将正式开通。该线路连接三地，将为缓解大型企业如富士康、华为、伯恩厂的员工出行以及沿海交通压力。三地市民出行更方便深圳市交通运输委员会着力于深惠、深莞交会公交线路的优化及合理布局。近期，将原深惠3A、3B线路进行优化和调整，将于6月10日正式开通。优化调整后的深惠3B线路名称变更为“深惠3线”(原3A线只作微调)，是至今首条贯通深莞惠三市的公交线路。深惠3线覆盖了深圳龙岗中心城，东莞凤岗以及惠州惠阳片区，实现了深莞惠三地5个毗邻镇（街道）之间的跨界出行，并且与我市轨道交通、城际高铁和城市公交等综合交通实现了无缝衔接。因该线路经过富士康、华为，伯恩厂等大型企业，缓解了他们员工出行困难的问题。该线路主要途经站点：惠阳秋长白石汽车站、坑梓街道办、坪山国惠康、五洲龙、世贸百货、龙岗汽车总站、黄阁翠苑、雁田海关、平湖汽车站、富士康、华为、万科城、坂田民营市场、梅林联检站、深圳北站。深圳东部沿海公交更便捷', '2014-6-9', null, null, '0', '0', '0', null, '4');
INSERT INTO `blogcontent` VALUES ('25', '深惠3B线', '24深惠3B线更名“深惠3线”贯穿龙岗中心城、东莞凤岗、惠州惠阳明天首条贯穿深圳、惠州、东莞三地的公交线路深惠3线将正式开通。该线路连接三地，将为缓解大型企业如富士康、华为、伯恩厂的员工出行以及沿海交通压力。三地市民出行更方便深圳市交通运输委员会着力于深惠、深莞交会公交线路的优化及合理布局。近期，将原深惠3A、3B线路进行优化和调整，将于6月10日正式开通。优化调整后的深惠3B线路名称变更为“深惠3线”(原3A线只作微调)，是至今首条贯通深莞惠三市的公交线路。深惠3线覆盖了深圳龙岗中心城，东莞凤岗以及惠州惠阳片区，实现了深莞惠三地5个毗邻镇（街道）之间的跨界出行，并且与我市轨道交通、城际高铁和城市公交等综合交通实现了无缝衔接。因该线路经过富士康、华为，伯恩厂等大型企业，缓解了他们员工出行困难的问题。该线路主要途经站点：惠阳秋长白石汽车站、坑梓街道办、坪山国惠康、五洲龙、世贸百货、龙岗汽车总站、黄阁翠苑、雁田海关、平湖汽车站、富士康、华为、万科城、坂田民营市场、梅林联检站、深圳北站。深圳东部沿海公交更便捷', '2014-6-9', null, null, '0', '0', '0', null, '1');
INSERT INTO `blogcontent` VALUES ('26', '深惠3B线', '25深惠3B线更名“深惠3线”贯穿龙岗中心城、东莞凤岗、惠州惠阳明天首条贯穿深圳、惠州、东莞三地的公交线路深惠3线将正式开通。该线路连接三地，将为缓解大型企业如富士康、华为、伯恩厂的员工出行以及沿海交通压力。三地市民出行更方便深圳市交通运输委员会着力于深惠、深莞交会公交线路的优化及合理布局。近期，将原深惠3A、3B线路进行优化和调整，将于6月10日正式开通。优化调整后的深惠3B线路名称变更为“深惠3线”(原3A线只作微调)，是至今首条贯通深莞惠三市的公交线路。深惠3线覆盖了深圳龙岗中心城，东莞凤岗以及惠州惠阳片区，实现了深莞惠三地5个毗邻镇（街道）之间的跨界出行，并且与我市轨道交通、城际高铁和城市公交等综合交通实现了无缝衔接。因该线路经过富士康、华为，伯恩厂等大型企业，缓解了他们员工出行困难的问题。该线路主要途经站点：惠阳秋长白石汽车站、坑梓街道办、坪山国惠康、五洲龙、世贸百货、龙岗汽车总站、黄阁翠苑、雁田海关、平湖汽车站、富士康、华为、万科城、坂田民营市场、梅林联检站、深圳北站。深圳东部沿海公交更便捷', '2014-6-9', null, null, '0', '0', '0', null, '4');
INSERT INTO `blogcontent` VALUES ('27', '深惠3B线', '26深惠3B线更名“深惠3线”贯穿龙岗中心城、东莞凤岗、惠州惠阳明天首条贯穿深圳、惠州、东莞三地的公交线路深惠3线将正式开通。该线路连接三地，将为缓解大型企业如富士康、华为、伯恩厂的员工出行以及沿海交通压力。三地市民出行更方便深圳市交通运输委员会着力于深惠、深莞交会公交线路的优化及合理布局。近期，将原深惠3A、3B线路进行优化和调整，将于6月10日正式开通。优化调整后的深惠3B线路名称变更为“深惠3线”(原3A线只作微调)，是至今首条贯通深莞惠三市的公交线路。深惠3线覆盖了深圳龙岗中心城，东莞凤岗以及惠州惠阳片区，实现了深莞惠三地5个毗邻镇（街道）之间的跨界出行，并且与我市轨道交通、城际高铁和城市公交等综合交通实现了无缝衔接。因该线路经过富士康、华为，伯恩厂等大型企业，缓解了他们员工出行困难的问题。该线路主要途经站点：惠阳秋长白石汽车站、坑梓街道办、坪山国惠康、五洲龙、世贸百货、龙岗汽车总站、黄阁翠苑、雁田海关、平湖汽车站、富士康、华为、万科城、坂田民营市场、梅林联检站、深圳北站。深圳东部沿海公交更便捷', '2014-6-9', null, null, '0', '0', '0', null, '1');
INSERT INTO `blogcontent` VALUES ('28', '深惠3B线', '27深惠3B线更名“深惠3线”贯穿龙岗中心城、东莞凤岗、惠州惠阳明天首条贯穿深圳、惠州、东莞三地的公交线路深惠3线将正式开通。该线路连接三地，将为缓解大型企业如富士康、华为、伯恩厂的员工出行以及沿海交通压力。三地市民出行更方便深圳市交通运输委员会着力于深惠、深莞交会公交线路的优化及合理布局。近期，将原深惠3A、3B线路进行优化和调整，将于6月10日正式开通。优化调整后的深惠3B线路名称变更为“深惠3线”(原3A线只作微调)，是至今首条贯通深莞惠三市的公交线路。深惠3线覆盖了深圳龙岗中心城，东莞凤岗以及惠州惠阳片区，实现了深莞惠三地5个毗邻镇（街道）之间的跨界出行，并且与我市轨道交通、城际高铁和城市公交等综合交通实现了无缝衔接。因该线路经过富士康、华为，伯恩厂等大型企业，缓解了他们员工出行困难的问题。该线路主要途经站点：惠阳秋长白石汽车站、坑梓街道办、坪山国惠康、五洲龙、世贸百货、龙岗汽车总站、黄阁翠苑、雁田海关、平湖汽车站、富士康、华为、万科城、坂田民营市场、梅林联检站、深圳北站。深圳东部沿海公交更便捷', '2014-6-9', null, null, '0', '0', '0', null, '4');
INSERT INTO `blogcontent` VALUES ('29', '深惠3B线', '28深惠3B线更名“深惠3线”贯穿龙岗中心城、东莞凤岗、惠州惠阳明天首条贯穿深圳、惠州、东莞三地的公交线路深惠3线将正式开通。该线路连接三地，将为缓解大型企业如富士康、华为、伯恩厂的员工出行以及沿海交通压力。三地市民出行更方便深圳市交通运输委员会着力于深惠、深莞交会公交线路的优化及合理布局。近期，将原深惠3A、3B线路进行优化和调整，将于6月10日正式开通。优化调整后的深惠3B线路名称变更为“深惠3线”(原3A线只作微调)，是至今首条贯通深莞惠三市的公交线路。深惠3线覆盖了深圳龙岗中心城，东莞凤岗以及惠州惠阳片区，实现了深莞惠三地5个毗邻镇（街道）之间的跨界出行，并且与我市轨道交通、城际高铁和城市公交等综合交通实现了无缝衔接。因该线路经过富士康、华为，伯恩厂等大型企业，缓解了他们员工出行困难的问题。该线路主要途经站点：惠阳秋长白石汽车站、坑梓街道办、坪山国惠康、五洲龙、世贸百货、龙岗汽车总站、黄阁翠苑、雁田海关、平湖汽车站、富士康、华为、万科城、坂田民营市场、梅林联检站、深圳北站。深圳东部沿海公交更便捷', '2014-6-9', null, null, '0', '0', '0', null, '1');
INSERT INTO `blogcontent` VALUES ('30', '深惠3B线', '29深惠3B线更名“深惠3线”贯穿龙岗中心城、东莞凤岗、惠州惠阳明天首条贯穿深圳、惠州、东莞三地的公交线路深惠3线将正式开通。该线路连接三地，将为缓解大型企业如富士康、华为、伯恩厂的员工出行以及沿海交通压力。三地市民出行更方便深圳市交通运输委员会着力于深惠、深莞交会公交线路的优化及合理布局。近期，将原深惠3A、3B线路进行优化和调整，将于6月10日正式开通。优化调整后的深惠3B线路名称变更为“深惠3线”(原3A线只作微调)，是至今首条贯通深莞惠三市的公交线路。深惠3线覆盖了深圳龙岗中心城，东莞凤岗以及惠州惠阳片区，实现了深莞惠三地5个毗邻镇（街道）之间的跨界出行，并且与我市轨道交通、城际高铁和城市公交等综合交通实现了无缝衔接。因该线路经过富士康、华为，伯恩厂等大型企业，缓解了他们员工出行困难的问题。该线路主要途经站点：惠阳秋长白石汽车站、坑梓街道办、坪山国惠康、五洲龙、世贸百货、龙岗汽车总站、黄阁翠苑、雁田海关、平湖汽车站、富士康、华为、万科城、坂田民营市场、梅林联检站、深圳北站。深圳东部沿海公交更便捷', '2014-6-9', null, null, '0', '0', '0', null, '4');
INSERT INTO `blogcontent` VALUES ('31', '深惠3B线', '30深惠3B线更名“深惠3线”贯穿龙岗中心城、东莞凤岗、惠州惠阳明天首条贯穿深圳、惠州、东莞三地的公交线路深惠3线将正式开通。该线路连接三地，将为缓解大型企业如富士康、华为、伯恩厂的员工出行以及沿海交通压力。三地市民出行更方便深圳市交通运输委员会着力于深惠、深莞交会公交线路的优化及合理布局。近期，将原深惠3A、3B线路进行优化和调整，将于6月10日正式开通。优化调整后的深惠3B线路名称变更为“深惠3线”(原3A线只作微调)，是至今首条贯通深莞惠三市的公交线路。深惠3线覆盖了深圳龙岗中心城，东莞凤岗以及惠州惠阳片区，实现了深莞惠三地5个毗邻镇（街道）之间的跨界出行，并且与我市轨道交通、城际高铁和城市公交等综合交通实现了无缝衔接。因该线路经过富士康、华为，伯恩厂等大型企业，缓解了他们员工出行困难的问题。该线路主要途经站点：惠阳秋长白石汽车站、坑梓街道办、坪山国惠康、五洲龙、世贸百货、龙岗汽车总站、黄阁翠苑、雁田海关、平湖汽车站、富士康、华为、万科城、坂田民营市场、梅林联检站、深圳北站。深圳东部沿海公交更便捷', '2014-6-9', null, null, '0', '0', '0', null, '1');
INSERT INTO `blogcontent` VALUES ('32', '深惠3B线', '31深惠3B线更名“深惠3线”贯穿龙岗中心城、东莞凤岗、惠州惠阳明天首条贯穿深圳、惠州、东莞三地的公交线路深惠3线将正式开通。该线路连接三地，将为缓解大型企业如富士康、华为、伯恩厂的员工出行以及沿海交通压力。三地市民出行更方便深圳市交通运输委员会着力于深惠、深莞交会公交线路的优化及合理布局。近期，将原深惠3A、3B线路进行优化和调整，将于6月10日正式开通。优化调整后的深惠3B线路名称变更为“深惠3线”(原3A线只作微调)，是至今首条贯通深莞惠三市的公交线路。深惠3线覆盖了深圳龙岗中心城，东莞凤岗以及惠州惠阳片区，实现了深莞惠三地5个毗邻镇（街道）之间的跨界出行，并且与我市轨道交通、城际高铁和城市公交等综合交通实现了无缝衔接。因该线路经过富士康、华为，伯恩厂等大型企业，缓解了他们员工出行困难的问题。该线路主要途经站点：惠阳秋长白石汽车站、坑梓街道办、坪山国惠康、五洲龙、世贸百货、龙岗汽车总站、黄阁翠苑、雁田海关、平湖汽车站、富士康、华为、万科城、坂田民营市场、梅林联检站、深圳北站。深圳东部沿海公交更便捷', '2014-6-9', null, null, '0', '0', '0', null, '4');
INSERT INTO `blogcontent` VALUES ('33', '深惠3B线', '32深惠3B线更名“深惠3线”贯穿龙岗中心城、东莞凤岗、惠州惠阳明天首条贯穿深圳、惠州、东莞三地的公交线路深惠3线将正式开通。该线路连接三地，将为缓解大型企业如富士康、华为、伯恩厂的员工出行以及沿海交通压力。三地市民出行更方便深圳市交通运输委员会着力于深惠、深莞交会公交线路的优化及合理布局。近期，将原深惠3A、3B线路进行优化和调整，将于6月10日正式开通。优化调整后的深惠3B线路名称变更为“深惠3线”(原3A线只作微调)，是至今首条贯通深莞惠三市的公交线路。深惠3线覆盖了深圳龙岗中心城，东莞凤岗以及惠州惠阳片区，实现了深莞惠三地5个毗邻镇（街道）之间的跨界出行，并且与我市轨道交通、城际高铁和城市公交等综合交通实现了无缝衔接。因该线路经过富士康、华为，伯恩厂等大型企业，缓解了他们员工出行困难的问题。该线路主要途经站点：惠阳秋长白石汽车站、坑梓街道办、坪山国惠康、五洲龙、世贸百货、龙岗汽车总站、黄阁翠苑、雁田海关、平湖汽车站、富士康、华为、万科城、坂田民营市场、梅林联检站、深圳北站。深圳东部沿海公交更便捷', '2014-6-9', null, null, '0', '0', '0', null, '1');
INSERT INTO `blogcontent` VALUES ('34', '深惠3B线', '33深惠3B线更名“深惠3线”贯穿龙岗中心城、东莞凤岗、惠州惠阳明天首条贯穿深圳、惠州、东莞三地的公交线路深惠3线将正式开通。该线路连接三地，将为缓解大型企业如富士康、华为、伯恩厂的员工出行以及沿海交通压力。三地市民出行更方便深圳市交通运输委员会着力于深惠、深莞交会公交线路的优化及合理布局。近期，将原深惠3A、3B线路进行优化和调整，将于6月10日正式开通。优化调整后的深惠3B线路名称变更为“深惠3线”(原3A线只作微调)，是至今首条贯通深莞惠三市的公交线路。深惠3线覆盖了深圳龙岗中心城，东莞凤岗以及惠州惠阳片区，实现了深莞惠三地5个毗邻镇（街道）之间的跨界出行，并且与我市轨道交通、城际高铁和城市公交等综合交通实现了无缝衔接。因该线路经过富士康、华为，伯恩厂等大型企业，缓解了他们员工出行困难的问题。该线路主要途经站点：惠阳秋长白石汽车站、坑梓街道办、坪山国惠康、五洲龙、世贸百货、龙岗汽车总站、黄阁翠苑、雁田海关、平湖汽车站、富士康、华为、万科城、坂田民营市场、梅林联检站、深圳北站。深圳东部沿海公交更便捷', '2014-6-9', null, null, '0', '0', '0', null, '4');
INSERT INTO `blogcontent` VALUES ('35', '深惠3B线', '34深惠3B线更名“深惠3线”贯穿龙岗中心城、东莞凤岗、惠州惠阳明天首条贯穿深圳、惠州、东莞三地的公交线路深惠3线将正式开通。该线路连接三地，将为缓解大型企业如富士康、华为、伯恩厂的员工出行以及沿海交通压力。三地市民出行更方便深圳市交通运输委员会着力于深惠、深莞交会公交线路的优化及合理布局。近期，将原深惠3A、3B线路进行优化和调整，将于6月10日正式开通。优化调整后的深惠3B线路名称变更为“深惠3线”(原3A线只作微调)，是至今首条贯通深莞惠三市的公交线路。深惠3线覆盖了深圳龙岗中心城，东莞凤岗以及惠州惠阳片区，实现了深莞惠三地5个毗邻镇（街道）之间的跨界出行，并且与我市轨道交通、城际高铁和城市公交等综合交通实现了无缝衔接。因该线路经过富士康、华为，伯恩厂等大型企业，缓解了他们员工出行困难的问题。该线路主要途经站点：惠阳秋长白石汽车站、坑梓街道办、坪山国惠康、五洲龙、世贸百货、龙岗汽车总站、黄阁翠苑、雁田海关、平湖汽车站、富士康、华为、万科城、坂田民营市场、梅林联检站、深圳北站。深圳东部沿海公交更便捷', '2014-6-9', null, null, '0', '0', '0', null, '1');
INSERT INTO `blogcontent` VALUES ('36', '深惠3B线', '35深惠3B线更名“深惠3线”贯穿龙岗中心城、东莞凤岗、惠州惠阳明天首条贯穿深圳、惠州、东莞三地的公交线路深惠3线将正式开通。该线路连接三地，将为缓解大型企业如富士康、华为、伯恩厂的员工出行以及沿海交通压力。三地市民出行更方便深圳市交通运输委员会着力于深惠、深莞交会公交线路的优化及合理布局。近期，将原深惠3A、3B线路进行优化和调整，将于6月10日正式开通。优化调整后的深惠3B线路名称变更为“深惠3线”(原3A线只作微调)，是至今首条贯通深莞惠三市的公交线路。深惠3线覆盖了深圳龙岗中心城，东莞凤岗以及惠州惠阳片区，实现了深莞惠三地5个毗邻镇（街道）之间的跨界出行，并且与我市轨道交通、城际高铁和城市公交等综合交通实现了无缝衔接。因该线路经过富士康、华为，伯恩厂等大型企业，缓解了他们员工出行困难的问题。该线路主要途经站点：惠阳秋长白石汽车站、坑梓街道办、坪山国惠康、五洲龙、世贸百货、龙岗汽车总站、黄阁翠苑、雁田海关、平湖汽车站、富士康、华为、万科城、坂田民营市场、梅林联检站、深圳北站。深圳东部沿海公交更便捷', '2014-6-9', null, null, '0', '0', '0', null, '4');
INSERT INTO `blogcontent` VALUES ('37', '深惠3B线', '36深惠3B线更名“深惠3线”贯穿龙岗中心城、东莞凤岗、惠州惠阳明天首条贯穿深圳、惠州、东莞三地的公交线路深惠3线将正式开通。该线路连接三地，将为缓解大型企业如富士康、华为、伯恩厂的员工出行以及沿海交通压力。三地市民出行更方便深圳市交通运输委员会着力于深惠、深莞交会公交线路的优化及合理布局。近期，将原深惠3A、3B线路进行优化和调整，将于6月10日正式开通。优化调整后的深惠3B线路名称变更为“深惠3线”(原3A线只作微调)，是至今首条贯通深莞惠三市的公交线路。深惠3线覆盖了深圳龙岗中心城，东莞凤岗以及惠州惠阳片区，实现了深莞惠三地5个毗邻镇（街道）之间的跨界出行，并且与我市轨道交通、城际高铁和城市公交等综合交通实现了无缝衔接。因该线路经过富士康、华为，伯恩厂等大型企业，缓解了他们员工出行困难的问题。该线路主要途经站点：惠阳秋长白石汽车站、坑梓街道办、坪山国惠康、五洲龙、世贸百货、龙岗汽车总站、黄阁翠苑、雁田海关、平湖汽车站、富士康、华为、万科城、坂田民营市场、梅林联检站、深圳北站。深圳东部沿海公交更便捷', '2014-6-9', null, null, '0', '0', '0', null, '1');
INSERT INTO `blogcontent` VALUES ('38', '深惠3B线', '37深惠3B线更名“深惠3线”贯穿龙岗中心城、东莞凤岗、惠州惠阳明天首条贯穿深圳、惠州、东莞三地的公交线路深惠3线将正式开通。该线路连接三地，将为缓解大型企业如富士康、华为、伯恩厂的员工出行以及沿海交通压力。三地市民出行更方便深圳市交通运输委员会着力于深惠、深莞交会公交线路的优化及合理布局。近期，将原深惠3A、3B线路进行优化和调整，将于6月10日正式开通。优化调整后的深惠3B线路名称变更为“深惠3线”(原3A线只作微调)，是至今首条贯通深莞惠三市的公交线路。深惠3线覆盖了深圳龙岗中心城，东莞凤岗以及惠州惠阳片区，实现了深莞惠三地5个毗邻镇（街道）之间的跨界出行，并且与我市轨道交通、城际高铁和城市公交等综合交通实现了无缝衔接。因该线路经过富士康、华为，伯恩厂等大型企业，缓解了他们员工出行困难的问题。该线路主要途经站点：惠阳秋长白石汽车站、坑梓街道办、坪山国惠康、五洲龙、世贸百货、龙岗汽车总站、黄阁翠苑、雁田海关、平湖汽车站、富士康、华为、万科城、坂田民营市场、梅林联检站、深圳北站。深圳东部沿海公交更便捷', '2014-6-9', null, null, '0', '0', '0', null, '4');
INSERT INTO `blogcontent` VALUES ('39', '深惠3B线', '38深惠3B线更名“深惠3线”贯穿龙岗中心城、东莞凤岗、惠州惠阳明天首条贯穿深圳、惠州、东莞三地的公交线路深惠3线将正式开通。该线路连接三地，将为缓解大型企业如富士康、华为、伯恩厂的员工出行以及沿海交通压力。三地市民出行更方便深圳市交通运输委员会着力于深惠、深莞交会公交线路的优化及合理布局。近期，将原深惠3A、3B线路进行优化和调整，将于6月10日正式开通。优化调整后的深惠3B线路名称变更为“深惠3线”(原3A线只作微调)，是至今首条贯通深莞惠三市的公交线路。深惠3线覆盖了深圳龙岗中心城，东莞凤岗以及惠州惠阳片区，实现了深莞惠三地5个毗邻镇（街道）之间的跨界出行，并且与我市轨道交通、城际高铁和城市公交等综合交通实现了无缝衔接。因该线路经过富士康、华为，伯恩厂等大型企业，缓解了他们员工出行困难的问题。该线路主要途经站点：惠阳秋长白石汽车站、坑梓街道办、坪山国惠康、五洲龙、世贸百货、龙岗汽车总站、黄阁翠苑、雁田海关、平湖汽车站、富士康、华为、万科城、坂田民营市场、梅林联检站、深圳北站。深圳东部沿海公交更便捷', '2014-6-9', null, null, '0', '0', '0', null, '1');
INSERT INTO `blogcontent` VALUES ('40', '深惠3B线', '39深惠3B线更名“深惠3线”贯穿龙岗中心城、东莞凤岗、惠州惠阳明天首条贯穿深圳、惠州、东莞三地的公交线路深惠3线将正式开通。该线路连接三地，将为缓解大型企业如富士康、华为、伯恩厂的员工出行以及沿海交通压力。三地市民出行更方便深圳市交通运输委员会着力于深惠、深莞交会公交线路的优化及合理布局。近期，将原深惠3A、3B线路进行优化和调整，将于6月10日正式开通。优化调整后的深惠3B线路名称变更为“深惠3线”(原3A线只作微调)，是至今首条贯通深莞惠三市的公交线路。深惠3线覆盖了深圳龙岗中心城，东莞凤岗以及惠州惠阳片区，实现了深莞惠三地5个毗邻镇（街道）之间的跨界出行，并且与我市轨道交通、城际高铁和城市公交等综合交通实现了无缝衔接。因该线路经过富士康、华为，伯恩厂等大型企业，缓解了他们员工出行困难的问题。该线路主要途经站点：惠阳秋长白石汽车站、坑梓街道办、坪山国惠康、五洲龙、世贸百货、龙岗汽车总站、黄阁翠苑、雁田海关、平湖汽车站、富士康、华为、万科城、坂田民营市场、梅林联检站、深圳北站。深圳东部沿海公交更便捷', '2014-6-9', null, null, '0', '0', '0', null, '4');
INSERT INTO `blogcontent` VALUES ('41', '深惠3B线', '40深惠3B线更名“深惠3线”贯穿龙岗中心城、东莞凤岗、惠州惠阳明天首条贯穿深圳、惠州、东莞三地的公交线路深惠3线将正式开通。该线路连接三地，将为缓解大型企业如富士康、华为、伯恩厂的员工出行以及沿海交通压力。三地市民出行更方便深圳市交通运输委员会着力于深惠、深莞交会公交线路的优化及合理布局。近期，将原深惠3A、3B线路进行优化和调整，将于6月10日正式开通。优化调整后的深惠3B线路名称变更为“深惠3线”(原3A线只作微调)，是至今首条贯通深莞惠三市的公交线路。深惠3线覆盖了深圳龙岗中心城，东莞凤岗以及惠州惠阳片区，实现了深莞惠三地5个毗邻镇（街道）之间的跨界出行，并且与我市轨道交通、城际高铁和城市公交等综合交通实现了无缝衔接。因该线路经过富士康、华为，伯恩厂等大型企业，缓解了他们员工出行困难的问题。该线路主要途经站点：惠阳秋长白石汽车站、坑梓街道办、坪山国惠康、五洲龙、世贸百货、龙岗汽车总站、黄阁翠苑、雁田海关、平湖汽车站、富士康、华为、万科城、坂田民营市场、梅林联检站、深圳北站。深圳东部沿海公交更便捷', '2014-6-9', null, null, '0', '0', '0', null, '1');
INSERT INTO `blogcontent` VALUES ('42', '深惠3B线', '41深惠3B线更名“深惠3线”贯穿龙岗中心城、东莞凤岗、惠州惠阳明天首条贯穿深圳、惠州、东莞三地的公交线路深惠3线将正式开通。该线路连接三地，将为缓解大型企业如富士康、华为、伯恩厂的员工出行以及沿海交通压力。三地市民出行更方便深圳市交通运输委员会着力于深惠、深莞交会公交线路的优化及合理布局。近期，将原深惠3A、3B线路进行优化和调整，将于6月10日正式开通。优化调整后的深惠3B线路名称变更为“深惠3线”(原3A线只作微调)，是至今首条贯通深莞惠三市的公交线路。深惠3线覆盖了深圳龙岗中心城，东莞凤岗以及惠州惠阳片区，实现了深莞惠三地5个毗邻镇（街道）之间的跨界出行，并且与我市轨道交通、城际高铁和城市公交等综合交通实现了无缝衔接。因该线路经过富士康、华为，伯恩厂等大型企业，缓解了他们员工出行困难的问题。该线路主要途经站点：惠阳秋长白石汽车站、坑梓街道办、坪山国惠康、五洲龙、世贸百货、龙岗汽车总站、黄阁翠苑、雁田海关、平湖汽车站、富士康、华为、万科城、坂田民营市场、梅林联检站、深圳北站。深圳东部沿海公交更便捷', '2014-6-9', null, null, '0', '0', '0', null, '4');
INSERT INTO `blogcontent` VALUES ('43', '深惠3B线', '42深惠3B线更名“深惠3线”贯穿龙岗中心城、东莞凤岗、惠州惠阳明天首条贯穿深圳、惠州、东莞三地的公交线路深惠3线将正式开通。该线路连接三地，将为缓解大型企业如富士康、华为、伯恩厂的员工出行以及沿海交通压力。三地市民出行更方便深圳市交通运输委员会着力于深惠、深莞交会公交线路的优化及合理布局。近期，将原深惠3A、3B线路进行优化和调整，将于6月10日正式开通。优化调整后的深惠3B线路名称变更为“深惠3线”(原3A线只作微调)，是至今首条贯通深莞惠三市的公交线路。深惠3线覆盖了深圳龙岗中心城，东莞凤岗以及惠州惠阳片区，实现了深莞惠三地5个毗邻镇（街道）之间的跨界出行，并且与我市轨道交通、城际高铁和城市公交等综合交通实现了无缝衔接。因该线路经过富士康、华为，伯恩厂等大型企业，缓解了他们员工出行困难的问题。该线路主要途经站点：惠阳秋长白石汽车站、坑梓街道办、坪山国惠康、五洲龙、世贸百货、龙岗汽车总站、黄阁翠苑、雁田海关、平湖汽车站、富士康、华为、万科城、坂田民营市场、梅林联检站、深圳北站。深圳东部沿海公交更便捷', '2014-6-9', null, null, '0', '0', '0', null, '1');
INSERT INTO `blogcontent` VALUES ('44', '深惠3B线', '43深惠3B线更名“深惠3线”贯穿龙岗中心城、东莞凤岗、惠州惠阳明天首条贯穿深圳、惠州、东莞三地的公交线路深惠3线将正式开通。该线路连接三地，将为缓解大型企业如富士康、华为、伯恩厂的员工出行以及沿海交通压力。三地市民出行更方便深圳市交通运输委员会着力于深惠、深莞交会公交线路的优化及合理布局。近期，将原深惠3A、3B线路进行优化和调整，将于6月10日正式开通。优化调整后的深惠3B线路名称变更为“深惠3线”(原3A线只作微调)，是至今首条贯通深莞惠三市的公交线路。深惠3线覆盖了深圳龙岗中心城，东莞凤岗以及惠州惠阳片区，实现了深莞惠三地5个毗邻镇（街道）之间的跨界出行，并且与我市轨道交通、城际高铁和城市公交等综合交通实现了无缝衔接。因该线路经过富士康、华为，伯恩厂等大型企业，缓解了他们员工出行困难的问题。该线路主要途经站点：惠阳秋长白石汽车站、坑梓街道办、坪山国惠康、五洲龙、世贸百货、龙岗汽车总站、黄阁翠苑、雁田海关、平湖汽车站、富士康、华为、万科城、坂田民营市场、梅林联检站、深圳北站。深圳东部沿海公交更便捷', '2014-6-9', null, null, '0', '0', '0', null, '4');
INSERT INTO `blogcontent` VALUES ('45', '深惠3B线', '44深惠3B线更名“深惠3线”贯穿龙岗中心城、东莞凤岗、惠州惠阳明天首条贯穿深圳、惠州、东莞三地的公交线路深惠3线将正式开通。该线路连接三地，将为缓解大型企业如富士康、华为、伯恩厂的员工出行以及沿海交通压力。三地市民出行更方便深圳市交通运输委员会着力于深惠、深莞交会公交线路的优化及合理布局。近期，将原深惠3A、3B线路进行优化和调整，将于6月10日正式开通。优化调整后的深惠3B线路名称变更为“深惠3线”(原3A线只作微调)，是至今首条贯通深莞惠三市的公交线路。深惠3线覆盖了深圳龙岗中心城，东莞凤岗以及惠州惠阳片区，实现了深莞惠三地5个毗邻镇（街道）之间的跨界出行，并且与我市轨道交通、城际高铁和城市公交等综合交通实现了无缝衔接。因该线路经过富士康、华为，伯恩厂等大型企业，缓解了他们员工出行困难的问题。该线路主要途经站点：惠阳秋长白石汽车站、坑梓街道办、坪山国惠康、五洲龙、世贸百货、龙岗汽车总站、黄阁翠苑、雁田海关、平湖汽车站、富士康、华为、万科城、坂田民营市场、梅林联检站、深圳北站。深圳东部沿海公交更便捷', '2014-6-9', null, null, '0', '0', '0', null, '1');
INSERT INTO `blogcontent` VALUES ('46', '深惠3B线', '45深惠3B线更名“深惠3线”贯穿龙岗中心城、东莞凤岗、惠州惠阳明天首条贯穿深圳、惠州、东莞三地的公交线路深惠3线将正式开通。该线路连接三地，将为缓解大型企业如富士康、华为、伯恩厂的员工出行以及沿海交通压力。三地市民出行更方便深圳市交通运输委员会着力于深惠、深莞交会公交线路的优化及合理布局。近期，将原深惠3A、3B线路进行优化和调整，将于6月10日正式开通。优化调整后的深惠3B线路名称变更为“深惠3线”(原3A线只作微调)，是至今首条贯通深莞惠三市的公交线路。深惠3线覆盖了深圳龙岗中心城，东莞凤岗以及惠州惠阳片区，实现了深莞惠三地5个毗邻镇（街道）之间的跨界出行，并且与我市轨道交通、城际高铁和城市公交等综合交通实现了无缝衔接。因该线路经过富士康、华为，伯恩厂等大型企业，缓解了他们员工出行困难的问题。该线路主要途经站点：惠阳秋长白石汽车站、坑梓街道办、坪山国惠康、五洲龙、世贸百货、龙岗汽车总站、黄阁翠苑、雁田海关、平湖汽车站、富士康、华为、万科城、坂田民营市场、梅林联检站、深圳北站。深圳东部沿海公交更便捷', '2014-6-9', null, null, '0', '0', '0', null, '4');
INSERT INTO `blogcontent` VALUES ('47', '深惠3B线', '46深惠3B线更名“深惠3线”贯穿龙岗中心城、东莞凤岗、惠州惠阳明天首条贯穿深圳、惠州、东莞三地的公交线路深惠3线将正式开通。该线路连接三地，将为缓解大型企业如富士康、华为、伯恩厂的员工出行以及沿海交通压力。三地市民出行更方便深圳市交通运输委员会着力于深惠、深莞交会公交线路的优化及合理布局。近期，将原深惠3A、3B线路进行优化和调整，将于6月10日正式开通。优化调整后的深惠3B线路名称变更为“深惠3线”(原3A线只作微调)，是至今首条贯通深莞惠三市的公交线路。深惠3线覆盖了深圳龙岗中心城，东莞凤岗以及惠州惠阳片区，实现了深莞惠三地5个毗邻镇（街道）之间的跨界出行，并且与我市轨道交通、城际高铁和城市公交等综合交通实现了无缝衔接。因该线路经过富士康、华为，伯恩厂等大型企业，缓解了他们员工出行困难的问题。该线路主要途经站点：惠阳秋长白石汽车站、坑梓街道办、坪山国惠康、五洲龙、世贸百货、龙岗汽车总站、黄阁翠苑、雁田海关、平湖汽车站、富士康、华为、万科城、坂田民营市场、梅林联检站、深圳北站。深圳东部沿海公交更便捷', '2014-6-9', null, null, '0', '0', '0', null, '1');
INSERT INTO `blogcontent` VALUES ('48', '深惠3B线', '47深惠3B线更名“深惠3线”贯穿龙岗中心城、东莞凤岗、惠州惠阳明天首条贯穿深圳、惠州、东莞三地的公交线路深惠3线将正式开通。该线路连接三地，将为缓解大型企业如富士康、华为、伯恩厂的员工出行以及沿海交通压力。三地市民出行更方便深圳市交通运输委员会着力于深惠、深莞交会公交线路的优化及合理布局。近期，将原深惠3A、3B线路进行优化和调整，将于6月10日正式开通。优化调整后的深惠3B线路名称变更为“深惠3线”(原3A线只作微调)，是至今首条贯通深莞惠三市的公交线路。深惠3线覆盖了深圳龙岗中心城，东莞凤岗以及惠州惠阳片区，实现了深莞惠三地5个毗邻镇（街道）之间的跨界出行，并且与我市轨道交通、城际高铁和城市公交等综合交通实现了无缝衔接。因该线路经过富士康、华为，伯恩厂等大型企业，缓解了他们员工出行困难的问题。该线路主要途经站点：惠阳秋长白石汽车站、坑梓街道办、坪山国惠康、五洲龙、世贸百货、龙岗汽车总站、黄阁翠苑、雁田海关、平湖汽车站、富士康、华为、万科城、坂田民营市场、梅林联检站、深圳北站。深圳东部沿海公交更便捷', '2014-6-9', null, null, '0', '0', '0', null, '4');
INSERT INTO `blogcontent` VALUES ('49', '深惠3B线', '48深惠3B线更名“深惠3线”贯穿龙岗中心城、东莞凤岗、惠州惠阳明天首条贯穿深圳、惠州、东莞三地的公交线路深惠3线将正式开通。该线路连接三地，将为缓解大型企业如富士康、华为、伯恩厂的员工出行以及沿海交通压力。三地市民出行更方便深圳市交通运输委员会着力于深惠、深莞交会公交线路的优化及合理布局。近期，将原深惠3A、3B线路进行优化和调整，将于6月10日正式开通。优化调整后的深惠3B线路名称变更为“深惠3线”(原3A线只作微调)，是至今首条贯通深莞惠三市的公交线路。深惠3线覆盖了深圳龙岗中心城，东莞凤岗以及惠州惠阳片区，实现了深莞惠三地5个毗邻镇（街道）之间的跨界出行，并且与我市轨道交通、城际高铁和城市公交等综合交通实现了无缝衔接。因该线路经过富士康、华为，伯恩厂等大型企业，缓解了他们员工出行困难的问题。该线路主要途经站点：惠阳秋长白石汽车站、坑梓街道办、坪山国惠康、五洲龙、世贸百货、龙岗汽车总站、黄阁翠苑、雁田海关、平湖汽车站、富士康、华为、万科城、坂田民营市场、梅林联检站、深圳北站。深圳东部沿海公交更便捷', '2014-6-9', null, null, '0', '0', '0', null, '1');
INSERT INTO `blogcontent` VALUES ('50', '深惠3B线', '49深惠3B线更名“深惠3线”贯穿龙岗中心城、东莞凤岗、惠州惠阳明天首条贯穿深圳、惠州、东莞三地的公交线路深惠3线将正式开通。该线路连接三地，将为缓解大型企业如富士康、华为、伯恩厂的员工出行以及沿海交通压力。三地市民出行更方便深圳市交通运输委员会着力于深惠、深莞交会公交线路的优化及合理布局。近期，将原深惠3A、3B线路进行优化和调整，将于6月10日正式开通。优化调整后的深惠3B线路名称变更为“深惠3线”(原3A线只作微调)，是至今首条贯通深莞惠三市的公交线路。深惠3线覆盖了深圳龙岗中心城，东莞凤岗以及惠州惠阳片区，实现了深莞惠三地5个毗邻镇（街道）之间的跨界出行，并且与我市轨道交通、城际高铁和城市公交等综合交通实现了无缝衔接。因该线路经过富士康、华为，伯恩厂等大型企业，缓解了他们员工出行困难的问题。该线路主要途经站点：惠阳秋长白石汽车站、坑梓街道办、坪山国惠康、五洲龙、世贸百货、龙岗汽车总站、黄阁翠苑、雁田海关、平湖汽车站、富士康、华为、万科城、坂田民营市场、梅林联检站、深圳北站。深圳东部沿海公交更便捷', '2014-6-9', null, null, '0', '0', '0', null, '4');
INSERT INTO `blogcontent` VALUES ('51', '深惠3B线', '50深惠3B线更名“深惠3线”贯穿龙岗中心城、东莞凤岗、惠州惠阳明天首条贯穿深圳、惠州、东莞三地的公交线路深惠3线将正式开通。该线路连接三地，将为缓解大型企业如富士康、华为、伯恩厂的员工出行以及沿海交通压力。三地市民出行更方便深圳市交通运输委员会着力于深惠、深莞交会公交线路的优化及合理布局。近期，将原深惠3A、3B线路进行优化和调整，将于6月10日正式开通。优化调整后的深惠3B线路名称变更为“深惠3线”(原3A线只作微调)，是至今首条贯通深莞惠三市的公交线路。深惠3线覆盖了深圳龙岗中心城，东莞凤岗以及惠州惠阳片区，实现了深莞惠三地5个毗邻镇（街道）之间的跨界出行，并且与我市轨道交通、城际高铁和城市公交等综合交通实现了无缝衔接。因该线路经过富士康、华为，伯恩厂等大型企业，缓解了他们员工出行困难的问题。该线路主要途经站点：惠阳秋长白石汽车站、坑梓街道办、坪山国惠康、五洲龙、世贸百货、龙岗汽车总站、黄阁翠苑、雁田海关、平湖汽车站、富士康、华为、万科城、坂田民营市场、梅林联检站、深圳北站。深圳东部沿海公交更便捷', '2014-6-9', null, null, '0', '0', '0', null, '1');
INSERT INTO `blogcontent` VALUES ('52', '深惠3B线', '51深惠3B线更名“深惠3线”贯穿龙岗中心城、东莞凤岗、惠州惠阳明天首条贯穿深圳、惠州、东莞三地的公交线路深惠3线将正式开通。该线路连接三地，将为缓解大型企业如富士康、华为、伯恩厂的员工出行以及沿海交通压力。三地市民出行更方便深圳市交通运输委员会着力于深惠、深莞交会公交线路的优化及合理布局。近期，将原深惠3A、3B线路进行优化和调整，将于6月10日正式开通。优化调整后的深惠3B线路名称变更为“深惠3线”(原3A线只作微调)，是至今首条贯通深莞惠三市的公交线路。深惠3线覆盖了深圳龙岗中心城，东莞凤岗以及惠州惠阳片区，实现了深莞惠三地5个毗邻镇（街道）之间的跨界出行，并且与我市轨道交通、城际高铁和城市公交等综合交通实现了无缝衔接。因该线路经过富士康、华为，伯恩厂等大型企业，缓解了他们员工出行困难的问题。该线路主要途经站点：惠阳秋长白石汽车站、坑梓街道办、坪山国惠康、五洲龙、世贸百货、龙岗汽车总站、黄阁翠苑、雁田海关、平湖汽车站、富士康、华为、万科城、坂田民营市场、梅林联检站、深圳北站。深圳东部沿海公交更便捷', '2014-6-9', null, null, '0', '0', '0', null, '4');
INSERT INTO `blogcontent` VALUES ('53', '深惠3B线', '52深惠3B线更名“深惠3线”贯穿龙岗中心城、东莞凤岗、惠州惠阳明天首条贯穿深圳、惠州、东莞三地的公交线路深惠3线将正式开通。该线路连接三地，将为缓解大型企业如富士康、华为、伯恩厂的员工出行以及沿海交通压力。三地市民出行更方便深圳市交通运输委员会着力于深惠、深莞交会公交线路的优化及合理布局。近期，将原深惠3A、3B线路进行优化和调整，将于6月10日正式开通。优化调整后的深惠3B线路名称变更为“深惠3线”(原3A线只作微调)，是至今首条贯通深莞惠三市的公交线路。深惠3线覆盖了深圳龙岗中心城，东莞凤岗以及惠州惠阳片区，实现了深莞惠三地5个毗邻镇（街道）之间的跨界出行，并且与我市轨道交通、城际高铁和城市公交等综合交通实现了无缝衔接。因该线路经过富士康、华为，伯恩厂等大型企业，缓解了他们员工出行困难的问题。该线路主要途经站点：惠阳秋长白石汽车站、坑梓街道办、坪山国惠康、五洲龙、世贸百货、龙岗汽车总站、黄阁翠苑、雁田海关、平湖汽车站、富士康、华为、万科城、坂田民营市场、梅林联检站、深圳北站。深圳东部沿海公交更便捷', '2014-6-9', null, null, '0', '0', '0', null, '1');
INSERT INTO `blogcontent` VALUES ('54', '深惠3B线', '53深惠3B线更名“深惠3线”贯穿龙岗中心城、东莞凤岗、惠州惠阳明天首条贯穿深圳、惠州、东莞三地的公交线路深惠3线将正式开通。该线路连接三地，将为缓解大型企业如富士康、华为、伯恩厂的员工出行以及沿海交通压力。三地市民出行更方便深圳市交通运输委员会着力于深惠、深莞交会公交线路的优化及合理布局。近期，将原深惠3A、3B线路进行优化和调整，将于6月10日正式开通。优化调整后的深惠3B线路名称变更为“深惠3线”(原3A线只作微调)，是至今首条贯通深莞惠三市的公交线路。深惠3线覆盖了深圳龙岗中心城，东莞凤岗以及惠州惠阳片区，实现了深莞惠三地5个毗邻镇（街道）之间的跨界出行，并且与我市轨道交通、城际高铁和城市公交等综合交通实现了无缝衔接。因该线路经过富士康、华为，伯恩厂等大型企业，缓解了他们员工出行困难的问题。该线路主要途经站点：惠阳秋长白石汽车站、坑梓街道办、坪山国惠康、五洲龙、世贸百货、龙岗汽车总站、黄阁翠苑、雁田海关、平湖汽车站、富士康、华为、万科城、坂田民营市场、梅林联检站、深圳北站。深圳东部沿海公交更便捷', '2014-6-9', null, null, '0', '0', '0', null, '4');
INSERT INTO `blogcontent` VALUES ('55', '深惠3B线', '54深惠3B线更名“深惠3线”贯穿龙岗中心城、东莞凤岗、惠州惠阳明天首条贯穿深圳、惠州、东莞三地的公交线路深惠3线将正式开通。该线路连接三地，将为缓解大型企业如富士康、华为、伯恩厂的员工出行以及沿海交通压力。三地市民出行更方便深圳市交通运输委员会着力于深惠、深莞交会公交线路的优化及合理布局。近期，将原深惠3A、3B线路进行优化和调整，将于6月10日正式开通。优化调整后的深惠3B线路名称变更为“深惠3线”(原3A线只作微调)，是至今首条贯通深莞惠三市的公交线路。深惠3线覆盖了深圳龙岗中心城，东莞凤岗以及惠州惠阳片区，实现了深莞惠三地5个毗邻镇（街道）之间的跨界出行，并且与我市轨道交通、城际高铁和城市公交等综合交通实现了无缝衔接。因该线路经过富士康、华为，伯恩厂等大型企业，缓解了他们员工出行困难的问题。该线路主要途经站点：惠阳秋长白石汽车站、坑梓街道办、坪山国惠康、五洲龙、世贸百货、龙岗汽车总站、黄阁翠苑、雁田海关、平湖汽车站、富士康、华为、万科城、坂田民营市场、梅林联检站、深圳北站。深圳东部沿海公交更便捷', '2014-6-9', null, null, '0', '0', '0', null, '1');
INSERT INTO `blogcontent` VALUES ('56', '深惠3B线', '55深惠3B线更名“深惠3线”贯穿龙岗中心城、东莞凤岗、惠州惠阳明天首条贯穿深圳、惠州、东莞三地的公交线路深惠3线将正式开通。该线路连接三地，将为缓解大型企业如富士康、华为、伯恩厂的员工出行以及沿海交通压力。三地市民出行更方便深圳市交通运输委员会着力于深惠、深莞交会公交线路的优化及合理布局。近期，将原深惠3A、3B线路进行优化和调整，将于6月10日正式开通。优化调整后的深惠3B线路名称变更为“深惠3线”(原3A线只作微调)，是至今首条贯通深莞惠三市的公交线路。深惠3线覆盖了深圳龙岗中心城，东莞凤岗以及惠州惠阳片区，实现了深莞惠三地5个毗邻镇（街道）之间的跨界出行，并且与我市轨道交通、城际高铁和城市公交等综合交通实现了无缝衔接。因该线路经过富士康、华为，伯恩厂等大型企业，缓解了他们员工出行困难的问题。该线路主要途经站点：惠阳秋长白石汽车站、坑梓街道办、坪山国惠康、五洲龙、世贸百货、龙岗汽车总站、黄阁翠苑、雁田海关、平湖汽车站、富士康、华为、万科城、坂田民营市场、梅林联检站、深圳北站。深圳东部沿海公交更便捷', '2014-6-9', null, null, '0', '0', '0', null, '4');
INSERT INTO `blogcontent` VALUES ('57', '深惠3B线', '56深惠3B线更名“深惠3线”贯穿龙岗中心城、东莞凤岗、惠州惠阳明天首条贯穿深圳、惠州、东莞三地的公交线路深惠3线将正式开通。该线路连接三地，将为缓解大型企业如富士康、华为、伯恩厂的员工出行以及沿海交通压力。三地市民出行更方便深圳市交通运输委员会着力于深惠、深莞交会公交线路的优化及合理布局。近期，将原深惠3A、3B线路进行优化和调整，将于6月10日正式开通。优化调整后的深惠3B线路名称变更为“深惠3线”(原3A线只作微调)，是至今首条贯通深莞惠三市的公交线路。深惠3线覆盖了深圳龙岗中心城，东莞凤岗以及惠州惠阳片区，实现了深莞惠三地5个毗邻镇（街道）之间的跨界出行，并且与我市轨道交通、城际高铁和城市公交等综合交通实现了无缝衔接。因该线路经过富士康、华为，伯恩厂等大型企业，缓解了他们员工出行困难的问题。该线路主要途经站点：惠阳秋长白石汽车站、坑梓街道办、坪山国惠康、五洲龙、世贸百货、龙岗汽车总站、黄阁翠苑、雁田海关、平湖汽车站、富士康、华为、万科城、坂田民营市场、梅林联检站、深圳北站。深圳东部沿海公交更便捷', '2014-6-9', null, null, '0', '0', '0', null, '1');
INSERT INTO `blogcontent` VALUES ('58', '深惠3B线', '57深惠3B线更名“深惠3线”贯穿龙岗中心城、东莞凤岗、惠州惠阳明天首条贯穿深圳、惠州、东莞三地的公交线路深惠3线将正式开通。该线路连接三地，将为缓解大型企业如富士康、华为、伯恩厂的员工出行以及沿海交通压力。三地市民出行更方便深圳市交通运输委员会着力于深惠、深莞交会公交线路的优化及合理布局。近期，将原深惠3A、3B线路进行优化和调整，将于6月10日正式开通。优化调整后的深惠3B线路名称变更为“深惠3线”(原3A线只作微调)，是至今首条贯通深莞惠三市的公交线路。深惠3线覆盖了深圳龙岗中心城，东莞凤岗以及惠州惠阳片区，实现了深莞惠三地5个毗邻镇（街道）之间的跨界出行，并且与我市轨道交通、城际高铁和城市公交等综合交通实现了无缝衔接。因该线路经过富士康、华为，伯恩厂等大型企业，缓解了他们员工出行困难的问题。该线路主要途经站点：惠阳秋长白石汽车站、坑梓街道办、坪山国惠康、五洲龙、世贸百货、龙岗汽车总站、黄阁翠苑、雁田海关、平湖汽车站、富士康、华为、万科城、坂田民营市场、梅林联检站、深圳北站。深圳东部沿海公交更便捷', '2014-6-9', null, null, '0', '0', '0', null, '4');
INSERT INTO `blogcontent` VALUES ('59', '深惠3B线', '58深惠3B线更名“深惠3线”贯穿龙岗中心城、东莞凤岗、惠州惠阳明天首条贯穿深圳、惠州、东莞三地的公交线路深惠3线将正式开通。该线路连接三地，将为缓解大型企业如富士康、华为、伯恩厂的员工出行以及沿海交通压力。三地市民出行更方便深圳市交通运输委员会着力于深惠、深莞交会公交线路的优化及合理布局。近期，将原深惠3A、3B线路进行优化和调整，将于6月10日正式开通。优化调整后的深惠3B线路名称变更为“深惠3线”(原3A线只作微调)，是至今首条贯通深莞惠三市的公交线路。深惠3线覆盖了深圳龙岗中心城，东莞凤岗以及惠州惠阳片区，实现了深莞惠三地5个毗邻镇（街道）之间的跨界出行，并且与我市轨道交通、城际高铁和城市公交等综合交通实现了无缝衔接。因该线路经过富士康、华为，伯恩厂等大型企业，缓解了他们员工出行困难的问题。该线路主要途经站点：惠阳秋长白石汽车站、坑梓街道办、坪山国惠康、五洲龙、世贸百货、龙岗汽车总站、黄阁翠苑、雁田海关、平湖汽车站、富士康、华为、万科城、坂田民营市场、梅林联检站、深圳北站。深圳东部沿海公交更便捷', '2014-6-9', null, null, '0', '0', '0', null, '1');
INSERT INTO `blogcontent` VALUES ('60', '深惠3B线', '59深惠3B线更名“深惠3线”贯穿龙岗中心城、东莞凤岗、惠州惠阳明天首条贯穿深圳、惠州、东莞三地的公交线路深惠3线将正式开通。该线路连接三地，将为缓解大型企业如富士康、华为、伯恩厂的员工出行以及沿海交通压力。三地市民出行更方便深圳市交通运输委员会着力于深惠、深莞交会公交线路的优化及合理布局。近期，将原深惠3A、3B线路进行优化和调整，将于6月10日正式开通。优化调整后的深惠3B线路名称变更为“深惠3线”(原3A线只作微调)，是至今首条贯通深莞惠三市的公交线路。深惠3线覆盖了深圳龙岗中心城，东莞凤岗以及惠州惠阳片区，实现了深莞惠三地5个毗邻镇（街道）之间的跨界出行，并且与我市轨道交通、城际高铁和城市公交等综合交通实现了无缝衔接。因该线路经过富士康、华为，伯恩厂等大型企业，缓解了他们员工出行困难的问题。该线路主要途经站点：惠阳秋长白石汽车站、坑梓街道办、坪山国惠康、五洲龙、世贸百货、龙岗汽车总站、黄阁翠苑、雁田海关、平湖汽车站、富士康、华为、万科城、坂田民营市场、梅林联检站、深圳北站。深圳东部沿海公交更便捷', '2014-6-9', null, null, '0', '0', '0', null, '4');
INSERT INTO `blogcontent` VALUES ('61', '深惠3B线', '60深惠3B线更名“深惠3线”贯穿龙岗中心城、东莞凤岗、惠州惠阳明天首条贯穿深圳、惠州、东莞三地的公交线路深惠3线将正式开通。该线路连接三地，将为缓解大型企业如富士康、华为、伯恩厂的员工出行以及沿海交通压力。三地市民出行更方便深圳市交通运输委员会着力于深惠、深莞交会公交线路的优化及合理布局。近期，将原深惠3A、3B线路进行优化和调整，将于6月10日正式开通。优化调整后的深惠3B线路名称变更为“深惠3线”(原3A线只作微调)，是至今首条贯通深莞惠三市的公交线路。深惠3线覆盖了深圳龙岗中心城，东莞凤岗以及惠州惠阳片区，实现了深莞惠三地5个毗邻镇（街道）之间的跨界出行，并且与我市轨道交通、城际高铁和城市公交等综合交通实现了无缝衔接。因该线路经过富士康、华为，伯恩厂等大型企业，缓解了他们员工出行困难的问题。该线路主要途经站点：惠阳秋长白石汽车站、坑梓街道办、坪山国惠康、五洲龙、世贸百货、龙岗汽车总站、黄阁翠苑、雁田海关、平湖汽车站、富士康、华为、万科城、坂田民营市场、梅林联检站、深圳北站。深圳东部沿海公交更便捷', '2014-6-9', null, null, '0', '0', '0', null, '1');
INSERT INTO `blogcontent` VALUES ('62', '深惠3B线', '61深惠3B线更名“深惠3线”贯穿龙岗中心城、东莞凤岗、惠州惠阳明天首条贯穿深圳、惠州、东莞三地的公交线路深惠3线将正式开通。该线路连接三地，将为缓解大型企业如富士康、华为、伯恩厂的员工出行以及沿海交通压力。三地市民出行更方便深圳市交通运输委员会着力于深惠、深莞交会公交线路的优化及合理布局。近期，将原深惠3A、3B线路进行优化和调整，将于6月10日正式开通。优化调整后的深惠3B线路名称变更为“深惠3线”(原3A线只作微调)，是至今首条贯通深莞惠三市的公交线路。深惠3线覆盖了深圳龙岗中心城，东莞凤岗以及惠州惠阳片区，实现了深莞惠三地5个毗邻镇（街道）之间的跨界出行，并且与我市轨道交通、城际高铁和城市公交等综合交通实现了无缝衔接。因该线路经过富士康、华为，伯恩厂等大型企业，缓解了他们员工出行困难的问题。该线路主要途经站点：惠阳秋长白石汽车站、坑梓街道办、坪山国惠康、五洲龙、世贸百货、龙岗汽车总站、黄阁翠苑、雁田海关、平湖汽车站、富士康、华为、万科城、坂田民营市场、梅林联检站、深圳北站。深圳东部沿海公交更便捷', '2014-6-9', null, null, '0', '0', '0', null, '4');
INSERT INTO `blogcontent` VALUES ('63', '深惠3B线', '62深惠3B线更名“深惠3线”贯穿龙岗中心城、东莞凤岗、惠州惠阳明天首条贯穿深圳、惠州、东莞三地的公交线路深惠3线将正式开通。该线路连接三地，将为缓解大型企业如富士康、华为、伯恩厂的员工出行以及沿海交通压力。三地市民出行更方便深圳市交通运输委员会着力于深惠、深莞交会公交线路的优化及合理布局。近期，将原深惠3A、3B线路进行优化和调整，将于6月10日正式开通。优化调整后的深惠3B线路名称变更为“深惠3线”(原3A线只作微调)，是至今首条贯通深莞惠三市的公交线路。深惠3线覆盖了深圳龙岗中心城，东莞凤岗以及惠州惠阳片区，实现了深莞惠三地5个毗邻镇（街道）之间的跨界出行，并且与我市轨道交通、城际高铁和城市公交等综合交通实现了无缝衔接。因该线路经过富士康、华为，伯恩厂等大型企业，缓解了他们员工出行困难的问题。该线路主要途经站点：惠阳秋长白石汽车站、坑梓街道办、坪山国惠康、五洲龙、世贸百货、龙岗汽车总站、黄阁翠苑、雁田海关、平湖汽车站、富士康、华为、万科城、坂田民营市场、梅林联检站、深圳北站。深圳东部沿海公交更便捷', '2014-6-9', null, null, '0', '0', '0', null, '1');
INSERT INTO `blogcontent` VALUES ('64', '深惠3B线', '63深惠3B线更名“深惠3线”贯穿龙岗中心城、东莞凤岗、惠州惠阳明天首条贯穿深圳、惠州、东莞三地的公交线路深惠3线将正式开通。该线路连接三地，将为缓解大型企业如富士康、华为、伯恩厂的员工出行以及沿海交通压力。三地市民出行更方便深圳市交通运输委员会着力于深惠、深莞交会公交线路的优化及合理布局。近期，将原深惠3A、3B线路进行优化和调整，将于6月10日正式开通。优化调整后的深惠3B线路名称变更为“深惠3线”(原3A线只作微调)，是至今首条贯通深莞惠三市的公交线路。深惠3线覆盖了深圳龙岗中心城，东莞凤岗以及惠州惠阳片区，实现了深莞惠三地5个毗邻镇（街道）之间的跨界出行，并且与我市轨道交通、城际高铁和城市公交等综合交通实现了无缝衔接。因该线路经过富士康、华为，伯恩厂等大型企业，缓解了他们员工出行困难的问题。该线路主要途经站点：惠阳秋长白石汽车站、坑梓街道办、坪山国惠康、五洲龙、世贸百货、龙岗汽车总站、黄阁翠苑、雁田海关、平湖汽车站、富士康、华为、万科城、坂田民营市场、梅林联检站、深圳北站。深圳东部沿海公交更便捷', '2014-6-9', null, null, '0', '0', '0', null, '4');
INSERT INTO `blogcontent` VALUES ('65', '深惠3B线', '64深惠3B线更名“深惠3线”贯穿龙岗中心城、东莞凤岗、惠州惠阳明天首条贯穿深圳、惠州、东莞三地的公交线路深惠3线将正式开通。该线路连接三地，将为缓解大型企业如富士康、华为、伯恩厂的员工出行以及沿海交通压力。三地市民出行更方便深圳市交通运输委员会着力于深惠、深莞交会公交线路的优化及合理布局。近期，将原深惠3A、3B线路进行优化和调整，将于6月10日正式开通。优化调整后的深惠3B线路名称变更为“深惠3线”(原3A线只作微调)，是至今首条贯通深莞惠三市的公交线路。深惠3线覆盖了深圳龙岗中心城，东莞凤岗以及惠州惠阳片区，实现了深莞惠三地5个毗邻镇（街道）之间的跨界出行，并且与我市轨道交通、城际高铁和城市公交等综合交通实现了无缝衔接。因该线路经过富士康、华为，伯恩厂等大型企业，缓解了他们员工出行困难的问题。该线路主要途经站点：惠阳秋长白石汽车站、坑梓街道办、坪山国惠康、五洲龙、世贸百货、龙岗汽车总站、黄阁翠苑、雁田海关、平湖汽车站、富士康、华为、万科城、坂田民营市场、梅林联检站、深圳北站。深圳东部沿海公交更便捷', '2014-6-9', null, null, '0', '0', '0', null, '1');
INSERT INTO `blogcontent` VALUES ('66', '深惠3B线', '65深惠3B线更名“深惠3线”贯穿龙岗中心城、东莞凤岗、惠州惠阳明天首条贯穿深圳、惠州、东莞三地的公交线路深惠3线将正式开通。该线路连接三地，将为缓解大型企业如富士康、华为、伯恩厂的员工出行以及沿海交通压力。三地市民出行更方便深圳市交通运输委员会着力于深惠、深莞交会公交线路的优化及合理布局。近期，将原深惠3A、3B线路进行优化和调整，将于6月10日正式开通。优化调整后的深惠3B线路名称变更为“深惠3线”(原3A线只作微调)，是至今首条贯通深莞惠三市的公交线路。深惠3线覆盖了深圳龙岗中心城，东莞凤岗以及惠州惠阳片区，实现了深莞惠三地5个毗邻镇（街道）之间的跨界出行，并且与我市轨道交通、城际高铁和城市公交等综合交通实现了无缝衔接。因该线路经过富士康、华为，伯恩厂等大型企业，缓解了他们员工出行困难的问题。该线路主要途经站点：惠阳秋长白石汽车站、坑梓街道办、坪山国惠康、五洲龙、世贸百货、龙岗汽车总站、黄阁翠苑、雁田海关、平湖汽车站、富士康、华为、万科城、坂田民营市场、梅林联检站、深圳北站。深圳东部沿海公交更便捷', '2014-6-9', null, null, '0', '0', '0', null, '4');
INSERT INTO `blogcontent` VALUES ('67', '深惠3B线', '66深惠3B线更名“深惠3线”贯穿龙岗中心城、东莞凤岗、惠州惠阳明天首条贯穿深圳、惠州、东莞三地的公交线路深惠3线将正式开通。该线路连接三地，将为缓解大型企业如富士康、华为、伯恩厂的员工出行以及沿海交通压力。三地市民出行更方便深圳市交通运输委员会着力于深惠、深莞交会公交线路的优化及合理布局。近期，将原深惠3A、3B线路进行优化和调整，将于6月10日正式开通。优化调整后的深惠3B线路名称变更为“深惠3线”(原3A线只作微调)，是至今首条贯通深莞惠三市的公交线路。深惠3线覆盖了深圳龙岗中心城，东莞凤岗以及惠州惠阳片区，实现了深莞惠三地5个毗邻镇（街道）之间的跨界出行，并且与我市轨道交通、城际高铁和城市公交等综合交通实现了无缝衔接。因该线路经过富士康、华为，伯恩厂等大型企业，缓解了他们员工出行困难的问题。该线路主要途经站点：惠阳秋长白石汽车站、坑梓街道办、坪山国惠康、五洲龙、世贸百货、龙岗汽车总站、黄阁翠苑、雁田海关、平湖汽车站、富士康、华为、万科城、坂田民营市场、梅林联检站、深圳北站。深圳东部沿海公交更便捷', '2014-6-9', null, null, '0', '0', '0', null, '1');
INSERT INTO `blogcontent` VALUES ('68', '深惠3B线', '67深惠3B线更名“深惠3线”贯穿龙岗中心城、东莞凤岗、惠州惠阳明天首条贯穿深圳、惠州、东莞三地的公交线路深惠3线将正式开通。该线路连接三地，将为缓解大型企业如富士康、华为、伯恩厂的员工出行以及沿海交通压力。三地市民出行更方便深圳市交通运输委员会着力于深惠、深莞交会公交线路的优化及合理布局。近期，将原深惠3A、3B线路进行优化和调整，将于6月10日正式开通。优化调整后的深惠3B线路名称变更为“深惠3线”(原3A线只作微调)，是至今首条贯通深莞惠三市的公交线路。深惠3线覆盖了深圳龙岗中心城，东莞凤岗以及惠州惠阳片区，实现了深莞惠三地5个毗邻镇（街道）之间的跨界出行，并且与我市轨道交通、城际高铁和城市公交等综合交通实现了无缝衔接。因该线路经过富士康、华为，伯恩厂等大型企业，缓解了他们员工出行困难的问题。该线路主要途经站点：惠阳秋长白石汽车站、坑梓街道办、坪山国惠康、五洲龙、世贸百货、龙岗汽车总站、黄阁翠苑、雁田海关、平湖汽车站、富士康、华为、万科城、坂田民营市场、梅林联检站、深圳北站。深圳东部沿海公交更便捷', '2014-6-9', null, null, '0', '0', '0', null, '4');
INSERT INTO `blogcontent` VALUES ('69', '深惠3B线', '68深惠3B线更名“深惠3线”贯穿龙岗中心城、东莞凤岗、惠州惠阳明天首条贯穿深圳、惠州、东莞三地的公交线路深惠3线将正式开通。该线路连接三地，将为缓解大型企业如富士康、华为、伯恩厂的员工出行以及沿海交通压力。三地市民出行更方便深圳市交通运输委员会着力于深惠、深莞交会公交线路的优化及合理布局。近期，将原深惠3A、3B线路进行优化和调整，将于6月10日正式开通。优化调整后的深惠3B线路名称变更为“深惠3线”(原3A线只作微调)，是至今首条贯通深莞惠三市的公交线路。深惠3线覆盖了深圳龙岗中心城，东莞凤岗以及惠州惠阳片区，实现了深莞惠三地5个毗邻镇（街道）之间的跨界出行，并且与我市轨道交通、城际高铁和城市公交等综合交通实现了无缝衔接。因该线路经过富士康、华为，伯恩厂等大型企业，缓解了他们员工出行困难的问题。该线路主要途经站点：惠阳秋长白石汽车站、坑梓街道办、坪山国惠康、五洲龙、世贸百货、龙岗汽车总站、黄阁翠苑、雁田海关、平湖汽车站、富士康、华为、万科城、坂田民营市场、梅林联检站、深圳北站。深圳东部沿海公交更便捷', '2014-6-9', null, null, '0', '0', '0', null, '1');
INSERT INTO `blogcontent` VALUES ('70', '深惠3B线', '69深惠3B线更名“深惠3线”贯穿龙岗中心城、东莞凤岗、惠州惠阳明天首条贯穿深圳、惠州、东莞三地的公交线路深惠3线将正式开通。该线路连接三地，将为缓解大型企业如富士康、华为、伯恩厂的员工出行以及沿海交通压力。三地市民出行更方便深圳市交通运输委员会着力于深惠、深莞交会公交线路的优化及合理布局。近期，将原深惠3A、3B线路进行优化和调整，将于6月10日正式开通。优化调整后的深惠3B线路名称变更为“深惠3线”(原3A线只作微调)，是至今首条贯通深莞惠三市的公交线路。深惠3线覆盖了深圳龙岗中心城，东莞凤岗以及惠州惠阳片区，实现了深莞惠三地5个毗邻镇（街道）之间的跨界出行，并且与我市轨道交通、城际高铁和城市公交等综合交通实现了无缝衔接。因该线路经过富士康、华为，伯恩厂等大型企业，缓解了他们员工出行困难的问题。该线路主要途经站点：惠阳秋长白石汽车站、坑梓街道办、坪山国惠康、五洲龙、世贸百货、龙岗汽车总站、黄阁翠苑、雁田海关、平湖汽车站、富士康、华为、万科城、坂田民营市场、梅林联检站、深圳北站。深圳东部沿海公交更便捷', '2014-6-9', null, null, '0', '0', '0', null, '4');
INSERT INTO `blogcontent` VALUES ('71', '深惠3B线', '70深惠3B线更名“深惠3线”贯穿龙岗中心城、东莞凤岗、惠州惠阳明天首条贯穿深圳、惠州、东莞三地的公交线路深惠3线将正式开通。该线路连接三地，将为缓解大型企业如富士康、华为、伯恩厂的员工出行以及沿海交通压力。三地市民出行更方便深圳市交通运输委员会着力于深惠、深莞交会公交线路的优化及合理布局。近期，将原深惠3A、3B线路进行优化和调整，将于6月10日正式开通。优化调整后的深惠3B线路名称变更为“深惠3线”(原3A线只作微调)，是至今首条贯通深莞惠三市的公交线路。深惠3线覆盖了深圳龙岗中心城，东莞凤岗以及惠州惠阳片区，实现了深莞惠三地5个毗邻镇（街道）之间的跨界出行，并且与我市轨道交通、城际高铁和城市公交等综合交通实现了无缝衔接。因该线路经过富士康、华为，伯恩厂等大型企业，缓解了他们员工出行困难的问题。该线路主要途经站点：惠阳秋长白石汽车站、坑梓街道办、坪山国惠康、五洲龙、世贸百货、龙岗汽车总站、黄阁翠苑、雁田海关、平湖汽车站、富士康、华为、万科城、坂田民营市场、梅林联检站、深圳北站。深圳东部沿海公交更便捷', '2014-6-9', null, null, '0', '0', '0', null, '1');
INSERT INTO `blogcontent` VALUES ('72', '深惠3B线', '71深惠3B线更名“深惠3线”贯穿龙岗中心城、东莞凤岗、惠州惠阳明天首条贯穿深圳、惠州、东莞三地的公交线路深惠3线将正式开通。该线路连接三地，将为缓解大型企业如富士康、华为、伯恩厂的员工出行以及沿海交通压力。三地市民出行更方便深圳市交通运输委员会着力于深惠、深莞交会公交线路的优化及合理布局。近期，将原深惠3A、3B线路进行优化和调整，将于6月10日正式开通。优化调整后的深惠3B线路名称变更为“深惠3线”(原3A线只作微调)，是至今首条贯通深莞惠三市的公交线路。深惠3线覆盖了深圳龙岗中心城，东莞凤岗以及惠州惠阳片区，实现了深莞惠三地5个毗邻镇（街道）之间的跨界出行，并且与我市轨道交通、城际高铁和城市公交等综合交通实现了无缝衔接。因该线路经过富士康、华为，伯恩厂等大型企业，缓解了他们员工出行困难的问题。该线路主要途经站点：惠阳秋长白石汽车站、坑梓街道办、坪山国惠康、五洲龙、世贸百货、龙岗汽车总站、黄阁翠苑、雁田海关、平湖汽车站、富士康、华为、万科城、坂田民营市场、梅林联检站、深圳北站。深圳东部沿海公交更便捷', '2014-6-9', null, null, '0', '0', '0', null, '4');
INSERT INTO `blogcontent` VALUES ('73', '深惠3B线', '72深惠3B线更名“深惠3线”贯穿龙岗中心城、东莞凤岗、惠州惠阳明天首条贯穿深圳、惠州、东莞三地的公交线路深惠3线将正式开通。该线路连接三地，将为缓解大型企业如富士康、华为、伯恩厂的员工出行以及沿海交通压力。三地市民出行更方便深圳市交通运输委员会着力于深惠、深莞交会公交线路的优化及合理布局。近期，将原深惠3A、3B线路进行优化和调整，将于6月10日正式开通。优化调整后的深惠3B线路名称变更为“深惠3线”(原3A线只作微调)，是至今首条贯通深莞惠三市的公交线路。深惠3线覆盖了深圳龙岗中心城，东莞凤岗以及惠州惠阳片区，实现了深莞惠三地5个毗邻镇（街道）之间的跨界出行，并且与我市轨道交通、城际高铁和城市公交等综合交通实现了无缝衔接。因该线路经过富士康、华为，伯恩厂等大型企业，缓解了他们员工出行困难的问题。该线路主要途经站点：惠阳秋长白石汽车站、坑梓街道办、坪山国惠康、五洲龙、世贸百货、龙岗汽车总站、黄阁翠苑、雁田海关、平湖汽车站、富士康、华为、万科城、坂田民营市场、梅林联检站、深圳北站。深圳东部沿海公交更便捷', '2014-6-9', null, null, '0', '0', '0', null, '1');
INSERT INTO `blogcontent` VALUES ('74', '深惠3B线', '73深惠3B线更名“深惠3线”贯穿龙岗中心城、东莞凤岗、惠州惠阳明天首条贯穿深圳、惠州、东莞三地的公交线路深惠3线将正式开通。该线路连接三地，将为缓解大型企业如富士康、华为、伯恩厂的员工出行以及沿海交通压力。三地市民出行更方便深圳市交通运输委员会着力于深惠、深莞交会公交线路的优化及合理布局。近期，将原深惠3A、3B线路进行优化和调整，将于6月10日正式开通。优化调整后的深惠3B线路名称变更为“深惠3线”(原3A线只作微调)，是至今首条贯通深莞惠三市的公交线路。深惠3线覆盖了深圳龙岗中心城，东莞凤岗以及惠州惠阳片区，实现了深莞惠三地5个毗邻镇（街道）之间的跨界出行，并且与我市轨道交通、城际高铁和城市公交等综合交通实现了无缝衔接。因该线路经过富士康、华为，伯恩厂等大型企业，缓解了他们员工出行困难的问题。该线路主要途经站点：惠阳秋长白石汽车站、坑梓街道办、坪山国惠康、五洲龙、世贸百货、龙岗汽车总站、黄阁翠苑、雁田海关、平湖汽车站、富士康、华为、万科城、坂田民营市场、梅林联检站、深圳北站。深圳东部沿海公交更便捷', '2014-6-9', null, null, '0', '0', '0', null, '4');
INSERT INTO `blogcontent` VALUES ('75', '深惠3B线', '74深惠3B线更名“深惠3线”贯穿龙岗中心城、东莞凤岗、惠州惠阳明天首条贯穿深圳、惠州、东莞三地的公交线路深惠3线将正式开通。该线路连接三地，将为缓解大型企业如富士康、华为、伯恩厂的员工出行以及沿海交通压力。三地市民出行更方便深圳市交通运输委员会着力于深惠、深莞交会公交线路的优化及合理布局。近期，将原深惠3A、3B线路进行优化和调整，将于6月10日正式开通。优化调整后的深惠3B线路名称变更为“深惠3线”(原3A线只作微调)，是至今首条贯通深莞惠三市的公交线路。深惠3线覆盖了深圳龙岗中心城，东莞凤岗以及惠州惠阳片区，实现了深莞惠三地5个毗邻镇（街道）之间的跨界出行，并且与我市轨道交通、城际高铁和城市公交等综合交通实现了无缝衔接。因该线路经过富士康、华为，伯恩厂等大型企业，缓解了他们员工出行困难的问题。该线路主要途经站点：惠阳秋长白石汽车站、坑梓街道办、坪山国惠康、五洲龙、世贸百货、龙岗汽车总站、黄阁翠苑、雁田海关、平湖汽车站、富士康、华为、万科城、坂田民营市场、梅林联检站、深圳北站。深圳东部沿海公交更便捷', '2014-6-9', null, null, '0', '0', '0', null, '1');
INSERT INTO `blogcontent` VALUES ('76', '深惠3B线', '75深惠3B线更名“深惠3线”贯穿龙岗中心城、东莞凤岗、惠州惠阳明天首条贯穿深圳、惠州、东莞三地的公交线路深惠3线将正式开通。该线路连接三地，将为缓解大型企业如富士康、华为、伯恩厂的员工出行以及沿海交通压力。三地市民出行更方便深圳市交通运输委员会着力于深惠、深莞交会公交线路的优化及合理布局。近期，将原深惠3A、3B线路进行优化和调整，将于6月10日正式开通。优化调整后的深惠3B线路名称变更为“深惠3线”(原3A线只作微调)，是至今首条贯通深莞惠三市的公交线路。深惠3线覆盖了深圳龙岗中心城，东莞凤岗以及惠州惠阳片区，实现了深莞惠三地5个毗邻镇（街道）之间的跨界出行，并且与我市轨道交通、城际高铁和城市公交等综合交通实现了无缝衔接。因该线路经过富士康、华为，伯恩厂等大型企业，缓解了他们员工出行困难的问题。该线路主要途经站点：惠阳秋长白石汽车站、坑梓街道办、坪山国惠康、五洲龙、世贸百货、龙岗汽车总站、黄阁翠苑、雁田海关、平湖汽车站、富士康、华为、万科城、坂田民营市场、梅林联检站、深圳北站。深圳东部沿海公交更便捷', '2014-6-9', null, null, '0', '0', '0', null, '4');
INSERT INTO `blogcontent` VALUES ('77', '深惠3B线', '76深惠3B线更名“深惠3线”贯穿龙岗中心城、东莞凤岗、惠州惠阳明天首条贯穿深圳、惠州、东莞三地的公交线路深惠3线将正式开通。该线路连接三地，将为缓解大型企业如富士康、华为、伯恩厂的员工出行以及沿海交通压力。三地市民出行更方便深圳市交通运输委员会着力于深惠、深莞交会公交线路的优化及合理布局。近期，将原深惠3A、3B线路进行优化和调整，将于6月10日正式开通。优化调整后的深惠3B线路名称变更为“深惠3线”(原3A线只作微调)，是至今首条贯通深莞惠三市的公交线路。深惠3线覆盖了深圳龙岗中心城，东莞凤岗以及惠州惠阳片区，实现了深莞惠三地5个毗邻镇（街道）之间的跨界出行，并且与我市轨道交通、城际高铁和城市公交等综合交通实现了无缝衔接。因该线路经过富士康、华为，伯恩厂等大型企业，缓解了他们员工出行困难的问题。该线路主要途经站点：惠阳秋长白石汽车站、坑梓街道办、坪山国惠康、五洲龙、世贸百货、龙岗汽车总站、黄阁翠苑、雁田海关、平湖汽车站、富士康、华为、万科城、坂田民营市场、梅林联检站、深圳北站。深圳东部沿海公交更便捷', '2014-6-9', null, null, '0', '0', '0', null, '1');
INSERT INTO `blogcontent` VALUES ('78', '深惠3B线', '77深惠3B线更名“深惠3线”贯穿龙岗中心城、东莞凤岗、惠州惠阳明天首条贯穿深圳、惠州、东莞三地的公交线路深惠3线将正式开通。该线路连接三地，将为缓解大型企业如富士康、华为、伯恩厂的员工出行以及沿海交通压力。三地市民出行更方便深圳市交通运输委员会着力于深惠、深莞交会公交线路的优化及合理布局。近期，将原深惠3A、3B线路进行优化和调整，将于6月10日正式开通。优化调整后的深惠3B线路名称变更为“深惠3线”(原3A线只作微调)，是至今首条贯通深莞惠三市的公交线路。深惠3线覆盖了深圳龙岗中心城，东莞凤岗以及惠州惠阳片区，实现了深莞惠三地5个毗邻镇（街道）之间的跨界出行，并且与我市轨道交通、城际高铁和城市公交等综合交通实现了无缝衔接。因该线路经过富士康、华为，伯恩厂等大型企业，缓解了他们员工出行困难的问题。该线路主要途经站点：惠阳秋长白石汽车站、坑梓街道办、坪山国惠康、五洲龙、世贸百货、龙岗汽车总站、黄阁翠苑、雁田海关、平湖汽车站、富士康、华为、万科城、坂田民营市场、梅林联检站、深圳北站。深圳东部沿海公交更便捷', '2014-6-9', null, null, '0', '0', '0', null, '4');
INSERT INTO `blogcontent` VALUES ('79', '深惠3B线', '78深惠3B线更名“深惠3线”贯穿龙岗中心城、东莞凤岗、惠州惠阳明天首条贯穿深圳、惠州、东莞三地的公交线路深惠3线将正式开通。该线路连接三地，将为缓解大型企业如富士康、华为、伯恩厂的员工出行以及沿海交通压力。三地市民出行更方便深圳市交通运输委员会着力于深惠、深莞交会公交线路的优化及合理布局。近期，将原深惠3A、3B线路进行优化和调整，将于6月10日正式开通。优化调整后的深惠3B线路名称变更为“深惠3线”(原3A线只作微调)，是至今首条贯通深莞惠三市的公交线路。深惠3线覆盖了深圳龙岗中心城，东莞凤岗以及惠州惠阳片区，实现了深莞惠三地5个毗邻镇（街道）之间的跨界出行，并且与我市轨道交通、城际高铁和城市公交等综合交通实现了无缝衔接。因该线路经过富士康、华为，伯恩厂等大型企业，缓解了他们员工出行困难的问题。该线路主要途经站点：惠阳秋长白石汽车站、坑梓街道办、坪山国惠康、五洲龙、世贸百货、龙岗汽车总站、黄阁翠苑、雁田海关、平湖汽车站、富士康、华为、万科城、坂田民营市场、梅林联检站、深圳北站。深圳东部沿海公交更便捷', '2014-6-9', null, null, '0', '0', '0', null, '1');
INSERT INTO `blogcontent` VALUES ('80', '深惠3B线', '79深惠3B线更名“深惠3线”贯穿龙岗中心城、东莞凤岗、惠州惠阳明天首条贯穿深圳、惠州、东莞三地的公交线路深惠3线将正式开通。该线路连接三地，将为缓解大型企业如富士康、华为、伯恩厂的员工出行以及沿海交通压力。三地市民出行更方便深圳市交通运输委员会着力于深惠、深莞交会公交线路的优化及合理布局。近期，将原深惠3A、3B线路进行优化和调整，将于6月10日正式开通。优化调整后的深惠3B线路名称变更为“深惠3线”(原3A线只作微调)，是至今首条贯通深莞惠三市的公交线路。深惠3线覆盖了深圳龙岗中心城，东莞凤岗以及惠州惠阳片区，实现了深莞惠三地5个毗邻镇（街道）之间的跨界出行，并且与我市轨道交通、城际高铁和城市公交等综合交通实现了无缝衔接。因该线路经过富士康、华为，伯恩厂等大型企业，缓解了他们员工出行困难的问题。该线路主要途经站点：惠阳秋长白石汽车站、坑梓街道办、坪山国惠康、五洲龙、世贸百货、龙岗汽车总站、黄阁翠苑、雁田海关、平湖汽车站、富士康、华为、万科城、坂田民营市场、梅林联检站、深圳北站。深圳东部沿海公交更便捷', '2014-6-9', null, null, '0', '0', '0', null, '4');
INSERT INTO `blogcontent` VALUES ('81', '深惠3B线', '80深惠3B线更名“深惠3线”贯穿龙岗中心城、东莞凤岗、惠州惠阳明天首条贯穿深圳、惠州、东莞三地的公交线路深惠3线将正式开通。该线路连接三地，将为缓解大型企业如富士康、华为、伯恩厂的员工出行以及沿海交通压力。三地市民出行更方便深圳市交通运输委员会着力于深惠、深莞交会公交线路的优化及合理布局。近期，将原深惠3A、3B线路进行优化和调整，将于6月10日正式开通。优化调整后的深惠3B线路名称变更为“深惠3线”(原3A线只作微调)，是至今首条贯通深莞惠三市的公交线路。深惠3线覆盖了深圳龙岗中心城，东莞凤岗以及惠州惠阳片区，实现了深莞惠三地5个毗邻镇（街道）之间的跨界出行，并且与我市轨道交通、城际高铁和城市公交等综合交通实现了无缝衔接。因该线路经过富士康、华为，伯恩厂等大型企业，缓解了他们员工出行困难的问题。该线路主要途经站点：惠阳秋长白石汽车站、坑梓街道办、坪山国惠康、五洲龙、世贸百货、龙岗汽车总站、黄阁翠苑、雁田海关、平湖汽车站、富士康、华为、万科城、坂田民营市场、梅林联检站、深圳北站。深圳东部沿海公交更便捷', '2014-6-9', null, null, '0', '0', '0', null, '1');
INSERT INTO `blogcontent` VALUES ('82', '深惠3B线', '81深惠3B线更名“深惠3线”贯穿龙岗中心城、东莞凤岗、惠州惠阳明天首条贯穿深圳、惠州、东莞三地的公交线路深惠3线将正式开通。该线路连接三地，将为缓解大型企业如富士康、华为、伯恩厂的员工出行以及沿海交通压力。三地市民出行更方便深圳市交通运输委员会着力于深惠、深莞交会公交线路的优化及合理布局。近期，将原深惠3A、3B线路进行优化和调整，将于6月10日正式开通。优化调整后的深惠3B线路名称变更为“深惠3线”(原3A线只作微调)，是至今首条贯通深莞惠三市的公交线路。深惠3线覆盖了深圳龙岗中心城，东莞凤岗以及惠州惠阳片区，实现了深莞惠三地5个毗邻镇（街道）之间的跨界出行，并且与我市轨道交通、城际高铁和城市公交等综合交通实现了无缝衔接。因该线路经过富士康、华为，伯恩厂等大型企业，缓解了他们员工出行困难的问题。该线路主要途经站点：惠阳秋长白石汽车站、坑梓街道办、坪山国惠康、五洲龙、世贸百货、龙岗汽车总站、黄阁翠苑、雁田海关、平湖汽车站、富士康、华为、万科城、坂田民营市场、梅林联检站、深圳北站。深圳东部沿海公交更便捷', '2014-6-9', null, null, '0', '0', '0', null, '4');
INSERT INTO `blogcontent` VALUES ('83', '深惠3B线', '82深惠3B线更名“深惠3线”贯穿龙岗中心城、东莞凤岗、惠州惠阳明天首条贯穿深圳、惠州、东莞三地的公交线路深惠3线将正式开通。该线路连接三地，将为缓解大型企业如富士康、华为、伯恩厂的员工出行以及沿海交通压力。三地市民出行更方便深圳市交通运输委员会着力于深惠、深莞交会公交线路的优化及合理布局。近期，将原深惠3A、3B线路进行优化和调整，将于6月10日正式开通。优化调整后的深惠3B线路名称变更为“深惠3线”(原3A线只作微调)，是至今首条贯通深莞惠三市的公交线路。深惠3线覆盖了深圳龙岗中心城，东莞凤岗以及惠州惠阳片区，实现了深莞惠三地5个毗邻镇（街道）之间的跨界出行，并且与我市轨道交通、城际高铁和城市公交等综合交通实现了无缝衔接。因该线路经过富士康、华为，伯恩厂等大型企业，缓解了他们员工出行困难的问题。该线路主要途经站点：惠阳秋长白石汽车站、坑梓街道办、坪山国惠康、五洲龙、世贸百货、龙岗汽车总站、黄阁翠苑、雁田海关、平湖汽车站、富士康、华为、万科城、坂田民营市场、梅林联检站、深圳北站。深圳东部沿海公交更便捷', '2014-6-9', null, null, '0', '0', '0', null, '1');
INSERT INTO `blogcontent` VALUES ('84', '深惠3B线', '83深惠3B线更名“深惠3线”贯穿龙岗中心城、东莞凤岗、惠州惠阳明天首条贯穿深圳、惠州、东莞三地的公交线路深惠3线将正式开通。该线路连接三地，将为缓解大型企业如富士康、华为、伯恩厂的员工出行以及沿海交通压力。三地市民出行更方便深圳市交通运输委员会着力于深惠、深莞交会公交线路的优化及合理布局。近期，将原深惠3A、3B线路进行优化和调整，将于6月10日正式开通。优化调整后的深惠3B线路名称变更为“深惠3线”(原3A线只作微调)，是至今首条贯通深莞惠三市的公交线路。深惠3线覆盖了深圳龙岗中心城，东莞凤岗以及惠州惠阳片区，实现了深莞惠三地5个毗邻镇（街道）之间的跨界出行，并且与我市轨道交通、城际高铁和城市公交等综合交通实现了无缝衔接。因该线路经过富士康、华为，伯恩厂等大型企业，缓解了他们员工出行困难的问题。该线路主要途经站点：惠阳秋长白石汽车站、坑梓街道办、坪山国惠康、五洲龙、世贸百货、龙岗汽车总站、黄阁翠苑、雁田海关、平湖汽车站、富士康、华为、万科城、坂田民营市场、梅林联检站、深圳北站。深圳东部沿海公交更便捷', '2014-6-9', null, null, '0', '0', '0', null, '4');
INSERT INTO `blogcontent` VALUES ('85', '深惠3B线', '84深惠3B线更名“深惠3线”贯穿龙岗中心城、东莞凤岗、惠州惠阳明天首条贯穿深圳、惠州、东莞三地的公交线路深惠3线将正式开通。该线路连接三地，将为缓解大型企业如富士康、华为、伯恩厂的员工出行以及沿海交通压力。三地市民出行更方便深圳市交通运输委员会着力于深惠、深莞交会公交线路的优化及合理布局。近期，将原深惠3A、3B线路进行优化和调整，将于6月10日正式开通。优化调整后的深惠3B线路名称变更为“深惠3线”(原3A线只作微调)，是至今首条贯通深莞惠三市的公交线路。深惠3线覆盖了深圳龙岗中心城，东莞凤岗以及惠州惠阳片区，实现了深莞惠三地5个毗邻镇（街道）之间的跨界出行，并且与我市轨道交通、城际高铁和城市公交等综合交通实现了无缝衔接。因该线路经过富士康、华为，伯恩厂等大型企业，缓解了他们员工出行困难的问题。该线路主要途经站点：惠阳秋长白石汽车站、坑梓街道办、坪山国惠康、五洲龙、世贸百货、龙岗汽车总站、黄阁翠苑、雁田海关、平湖汽车站、富士康、华为、万科城、坂田民营市场、梅林联检站、深圳北站。深圳东部沿海公交更便捷', '2014-6-9', null, null, '0', '0', '0', null, '1');
INSERT INTO `blogcontent` VALUES ('86', '深惠3B线', '85深惠3B线更名“深惠3线”贯穿龙岗中心城、东莞凤岗、惠州惠阳明天首条贯穿深圳、惠州、东莞三地的公交线路深惠3线将正式开通。该线路连接三地，将为缓解大型企业如富士康、华为、伯恩厂的员工出行以及沿海交通压力。三地市民出行更方便深圳市交通运输委员会着力于深惠、深莞交会公交线路的优化及合理布局。近期，将原深惠3A、3B线路进行优化和调整，将于6月10日正式开通。优化调整后的深惠3B线路名称变更为“深惠3线”(原3A线只作微调)，是至今首条贯通深莞惠三市的公交线路。深惠3线覆盖了深圳龙岗中心城，东莞凤岗以及惠州惠阳片区，实现了深莞惠三地5个毗邻镇（街道）之间的跨界出行，并且与我市轨道交通、城际高铁和城市公交等综合交通实现了无缝衔接。因该线路经过富士康、华为，伯恩厂等大型企业，缓解了他们员工出行困难的问题。该线路主要途经站点：惠阳秋长白石汽车站、坑梓街道办、坪山国惠康、五洲龙、世贸百货、龙岗汽车总站、黄阁翠苑、雁田海关、平湖汽车站、富士康、华为、万科城、坂田民营市场、梅林联检站、深圳北站。深圳东部沿海公交更便捷', '2014-6-9', null, null, '0', '0', '0', null, '4');
INSERT INTO `blogcontent` VALUES ('87', '深惠3B线', '86深惠3B线更名“深惠3线”贯穿龙岗中心城、东莞凤岗、惠州惠阳明天首条贯穿深圳、惠州、东莞三地的公交线路深惠3线将正式开通。该线路连接三地，将为缓解大型企业如富士康、华为、伯恩厂的员工出行以及沿海交通压力。三地市民出行更方便深圳市交通运输委员会着力于深惠、深莞交会公交线路的优化及合理布局。近期，将原深惠3A、3B线路进行优化和调整，将于6月10日正式开通。优化调整后的深惠3B线路名称变更为“深惠3线”(原3A线只作微调)，是至今首条贯通深莞惠三市的公交线路。深惠3线覆盖了深圳龙岗中心城，东莞凤岗以及惠州惠阳片区，实现了深莞惠三地5个毗邻镇（街道）之间的跨界出行，并且与我市轨道交通、城际高铁和城市公交等综合交通实现了无缝衔接。因该线路经过富士康、华为，伯恩厂等大型企业，缓解了他们员工出行困难的问题。该线路主要途经站点：惠阳秋长白石汽车站、坑梓街道办、坪山国惠康、五洲龙、世贸百货、龙岗汽车总站、黄阁翠苑、雁田海关、平湖汽车站、富士康、华为、万科城、坂田民营市场、梅林联检站、深圳北站。深圳东部沿海公交更便捷', '2014-6-9', null, null, '0', '0', '0', null, '1');
INSERT INTO `blogcontent` VALUES ('88', '深惠3B线', '87深惠3B线更名“深惠3线”贯穿龙岗中心城、东莞凤岗、惠州惠阳明天首条贯穿深圳、惠州、东莞三地的公交线路深惠3线将正式开通。该线路连接三地，将为缓解大型企业如富士康、华为、伯恩厂的员工出行以及沿海交通压力。三地市民出行更方便深圳市交通运输委员会着力于深惠、深莞交会公交线路的优化及合理布局。近期，将原深惠3A、3B线路进行优化和调整，将于6月10日正式开通。优化调整后的深惠3B线路名称变更为“深惠3线”(原3A线只作微调)，是至今首条贯通深莞惠三市的公交线路。深惠3线覆盖了深圳龙岗中心城，东莞凤岗以及惠州惠阳片区，实现了深莞惠三地5个毗邻镇（街道）之间的跨界出行，并且与我市轨道交通、城际高铁和城市公交等综合交通实现了无缝衔接。因该线路经过富士康、华为，伯恩厂等大型企业，缓解了他们员工出行困难的问题。该线路主要途经站点：惠阳秋长白石汽车站、坑梓街道办、坪山国惠康、五洲龙、世贸百货、龙岗汽车总站、黄阁翠苑、雁田海关、平湖汽车站、富士康、华为、万科城、坂田民营市场、梅林联检站、深圳北站。深圳东部沿海公交更便捷', '2014-6-9', null, null, '0', '0', '0', null, '4');
INSERT INTO `blogcontent` VALUES ('89', '深惠3B线', '88深惠3B线更名“深惠3线”贯穿龙岗中心城、东莞凤岗、惠州惠阳明天首条贯穿深圳、惠州、东莞三地的公交线路深惠3线将正式开通。该线路连接三地，将为缓解大型企业如富士康、华为、伯恩厂的员工出行以及沿海交通压力。三地市民出行更方便深圳市交通运输委员会着力于深惠、深莞交会公交线路的优化及合理布局。近期，将原深惠3A、3B线路进行优化和调整，将于6月10日正式开通。优化调整后的深惠3B线路名称变更为“深惠3线”(原3A线只作微调)，是至今首条贯通深莞惠三市的公交线路。深惠3线覆盖了深圳龙岗中心城，东莞凤岗以及惠州惠阳片区，实现了深莞惠三地5个毗邻镇（街道）之间的跨界出行，并且与我市轨道交通、城际高铁和城市公交等综合交通实现了无缝衔接。因该线路经过富士康、华为，伯恩厂等大型企业，缓解了他们员工出行困难的问题。该线路主要途经站点：惠阳秋长白石汽车站、坑梓街道办、坪山国惠康、五洲龙、世贸百货、龙岗汽车总站、黄阁翠苑、雁田海关、平湖汽车站、富士康、华为、万科城、坂田民营市场、梅林联检站、深圳北站。深圳东部沿海公交更便捷', '2014-6-9', null, null, '0', '0', '0', null, '1');
INSERT INTO `blogcontent` VALUES ('90', '深惠3B线', '89深惠3B线更名“深惠3线”贯穿龙岗中心城、东莞凤岗、惠州惠阳明天首条贯穿深圳、惠州、东莞三地的公交线路深惠3线将正式开通。该线路连接三地，将为缓解大型企业如富士康、华为、伯恩厂的员工出行以及沿海交通压力。三地市民出行更方便深圳市交通运输委员会着力于深惠、深莞交会公交线路的优化及合理布局。近期，将原深惠3A、3B线路进行优化和调整，将于6月10日正式开通。优化调整后的深惠3B线路名称变更为“深惠3线”(原3A线只作微调)，是至今首条贯通深莞惠三市的公交线路。深惠3线覆盖了深圳龙岗中心城，东莞凤岗以及惠州惠阳片区，实现了深莞惠三地5个毗邻镇（街道）之间的跨界出行，并且与我市轨道交通、城际高铁和城市公交等综合交通实现了无缝衔接。因该线路经过富士康、华为，伯恩厂等大型企业，缓解了他们员工出行困难的问题。该线路主要途经站点：惠阳秋长白石汽车站、坑梓街道办、坪山国惠康、五洲龙、世贸百货、龙岗汽车总站、黄阁翠苑、雁田海关、平湖汽车站、富士康、华为、万科城、坂田民营市场、梅林联检站、深圳北站。深圳东部沿海公交更便捷', '2014-6-9', null, null, '0', '0', '0', null, '4');
INSERT INTO `blogcontent` VALUES ('91', '深惠3B线', '90深惠3B线更名“深惠3线”贯穿龙岗中心城、东莞凤岗、惠州惠阳明天首条贯穿深圳、惠州、东莞三地的公交线路深惠3线将正式开通。该线路连接三地，将为缓解大型企业如富士康、华为、伯恩厂的员工出行以及沿海交通压力。三地市民出行更方便深圳市交通运输委员会着力于深惠、深莞交会公交线路的优化及合理布局。近期，将原深惠3A、3B线路进行优化和调整，将于6月10日正式开通。优化调整后的深惠3B线路名称变更为“深惠3线”(原3A线只作微调)，是至今首条贯通深莞惠三市的公交线路。深惠3线覆盖了深圳龙岗中心城，东莞凤岗以及惠州惠阳片区，实现了深莞惠三地5个毗邻镇（街道）之间的跨界出行，并且与我市轨道交通、城际高铁和城市公交等综合交通实现了无缝衔接。因该线路经过富士康、华为，伯恩厂等大型企业，缓解了他们员工出行困难的问题。该线路主要途经站点：惠阳秋长白石汽车站、坑梓街道办、坪山国惠康、五洲龙、世贸百货、龙岗汽车总站、黄阁翠苑、雁田海关、平湖汽车站、富士康、华为、万科城、坂田民营市场、梅林联检站、深圳北站。深圳东部沿海公交更便捷', '2014-6-9', null, null, '0', '0', '0', null, '1');
INSERT INTO `blogcontent` VALUES ('92', '深惠3B线', '91深惠3B线更名“深惠3线”贯穿龙岗中心城、东莞凤岗、惠州惠阳明天首条贯穿深圳、惠州、东莞三地的公交线路深惠3线将正式开通。该线路连接三地，将为缓解大型企业如富士康、华为、伯恩厂的员工出行以及沿海交通压力。三地市民出行更方便深圳市交通运输委员会着力于深惠、深莞交会公交线路的优化及合理布局。近期，将原深惠3A、3B线路进行优化和调整，将于6月10日正式开通。优化调整后的深惠3B线路名称变更为“深惠3线”(原3A线只作微调)，是至今首条贯通深莞惠三市的公交线路。深惠3线覆盖了深圳龙岗中心城，东莞凤岗以及惠州惠阳片区，实现了深莞惠三地5个毗邻镇（街道）之间的跨界出行，并且与我市轨道交通、城际高铁和城市公交等综合交通实现了无缝衔接。因该线路经过富士康、华为，伯恩厂等大型企业，缓解了他们员工出行困难的问题。该线路主要途经站点：惠阳秋长白石汽车站、坑梓街道办、坪山国惠康、五洲龙、世贸百货、龙岗汽车总站、黄阁翠苑、雁田海关、平湖汽车站、富士康、华为、万科城、坂田民营市场、梅林联检站、深圳北站。深圳东部沿海公交更便捷', '2014-6-9', null, null, '0', '0', '0', null, '4');
INSERT INTO `blogcontent` VALUES ('93', '深惠3B线', '92深惠3B线更名“深惠3线”贯穿龙岗中心城、东莞凤岗、惠州惠阳明天首条贯穿深圳、惠州、东莞三地的公交线路深惠3线将正式开通。该线路连接三地，将为缓解大型企业如富士康、华为、伯恩厂的员工出行以及沿海交通压力。三地市民出行更方便深圳市交通运输委员会着力于深惠、深莞交会公交线路的优化及合理布局。近期，将原深惠3A、3B线路进行优化和调整，将于6月10日正式开通。优化调整后的深惠3B线路名称变更为“深惠3线”(原3A线只作微调)，是至今首条贯通深莞惠三市的公交线路。深惠3线覆盖了深圳龙岗中心城，东莞凤岗以及惠州惠阳片区，实现了深莞惠三地5个毗邻镇（街道）之间的跨界出行，并且与我市轨道交通、城际高铁和城市公交等综合交通实现了无缝衔接。因该线路经过富士康、华为，伯恩厂等大型企业，缓解了他们员工出行困难的问题。该线路主要途经站点：惠阳秋长白石汽车站、坑梓街道办、坪山国惠康、五洲龙、世贸百货、龙岗汽车总站、黄阁翠苑、雁田海关、平湖汽车站、富士康、华为、万科城、坂田民营市场、梅林联检站、深圳北站。深圳东部沿海公交更便捷', '2014-6-9', null, null, '0', '0', '0', null, '1');
INSERT INTO `blogcontent` VALUES ('94', '深惠3B线', '93深惠3B线更名“深惠3线”贯穿龙岗中心城、东莞凤岗、惠州惠阳明天首条贯穿深圳、惠州、东莞三地的公交线路深惠3线将正式开通。该线路连接三地，将为缓解大型企业如富士康、华为、伯恩厂的员工出行以及沿海交通压力。三地市民出行更方便深圳市交通运输委员会着力于深惠、深莞交会公交线路的优化及合理布局。近期，将原深惠3A、3B线路进行优化和调整，将于6月10日正式开通。优化调整后的深惠3B线路名称变更为“深惠3线”(原3A线只作微调)，是至今首条贯通深莞惠三市的公交线路。深惠3线覆盖了深圳龙岗中心城，东莞凤岗以及惠州惠阳片区，实现了深莞惠三地5个毗邻镇（街道）之间的跨界出行，并且与我市轨道交通、城际高铁和城市公交等综合交通实现了无缝衔接。因该线路经过富士康、华为，伯恩厂等大型企业，缓解了他们员工出行困难的问题。该线路主要途经站点：惠阳秋长白石汽车站、坑梓街道办、坪山国惠康、五洲龙、世贸百货、龙岗汽车总站、黄阁翠苑、雁田海关、平湖汽车站、富士康、华为、万科城、坂田民营市场、梅林联检站、深圳北站。深圳东部沿海公交更便捷', '2014-6-9', null, null, '0', '0', '0', null, '4');
INSERT INTO `blogcontent` VALUES ('95', '深惠3B线', '94深惠3B线更名“深惠3线”贯穿龙岗中心城、东莞凤岗、惠州惠阳明天首条贯穿深圳、惠州、东莞三地的公交线路深惠3线将正式开通。该线路连接三地，将为缓解大型企业如富士康、华为、伯恩厂的员工出行以及沿海交通压力。三地市民出行更方便深圳市交通运输委员会着力于深惠、深莞交会公交线路的优化及合理布局。近期，将原深惠3A、3B线路进行优化和调整，将于6月10日正式开通。优化调整后的深惠3B线路名称变更为“深惠3线”(原3A线只作微调)，是至今首条贯通深莞惠三市的公交线路。深惠3线覆盖了深圳龙岗中心城，东莞凤岗以及惠州惠阳片区，实现了深莞惠三地5个毗邻镇（街道）之间的跨界出行，并且与我市轨道交通、城际高铁和城市公交等综合交通实现了无缝衔接。因该线路经过富士康、华为，伯恩厂等大型企业，缓解了他们员工出行困难的问题。该线路主要途经站点：惠阳秋长白石汽车站、坑梓街道办、坪山国惠康、五洲龙、世贸百货、龙岗汽车总站、黄阁翠苑、雁田海关、平湖汽车站、富士康、华为、万科城、坂田民营市场、梅林联检站、深圳北站。深圳东部沿海公交更便捷', '2014-6-9', null, null, '0', '0', '0', null, '1');
INSERT INTO `blogcontent` VALUES ('96', '深惠3B线', '95深惠3B线更名“深惠3线”贯穿龙岗中心城、东莞凤岗、惠州惠阳明天首条贯穿深圳、惠州、东莞三地的公交线路深惠3线将正式开通。该线路连接三地，将为缓解大型企业如富士康、华为、伯恩厂的员工出行以及沿海交通压力。三地市民出行更方便深圳市交通运输委员会着力于深惠、深莞交会公交线路的优化及合理布局。近期，将原深惠3A、3B线路进行优化和调整，将于6月10日正式开通。优化调整后的深惠3B线路名称变更为“深惠3线”(原3A线只作微调)，是至今首条贯通深莞惠三市的公交线路。深惠3线覆盖了深圳龙岗中心城，东莞凤岗以及惠州惠阳片区，实现了深莞惠三地5个毗邻镇（街道）之间的跨界出行，并且与我市轨道交通、城际高铁和城市公交等综合交通实现了无缝衔接。因该线路经过富士康、华为，伯恩厂等大型企业，缓解了他们员工出行困难的问题。该线路主要途经站点：惠阳秋长白石汽车站、坑梓街道办、坪山国惠康、五洲龙、世贸百货、龙岗汽车总站、黄阁翠苑、雁田海关、平湖汽车站、富士康、华为、万科城、坂田民营市场、梅林联检站、深圳北站。深圳东部沿海公交更便捷', '2014-6-9', null, null, '0', '0', '0', null, '4');
INSERT INTO `blogcontent` VALUES ('97', '深惠3B线', '96深惠3B线更名“深惠3线”贯穿龙岗中心城、东莞凤岗、惠州惠阳明天首条贯穿深圳、惠州、东莞三地的公交线路深惠3线将正式开通。该线路连接三地，将为缓解大型企业如富士康、华为、伯恩厂的员工出行以及沿海交通压力。三地市民出行更方便深圳市交通运输委员会着力于深惠、深莞交会公交线路的优化及合理布局。近期，将原深惠3A、3B线路进行优化和调整，将于6月10日正式开通。优化调整后的深惠3B线路名称变更为“深惠3线”(原3A线只作微调)，是至今首条贯通深莞惠三市的公交线路。深惠3线覆盖了深圳龙岗中心城，东莞凤岗以及惠州惠阳片区，实现了深莞惠三地5个毗邻镇（街道）之间的跨界出行，并且与我市轨道交通、城际高铁和城市公交等综合交通实现了无缝衔接。因该线路经过富士康、华为，伯恩厂等大型企业，缓解了他们员工出行困难的问题。该线路主要途经站点：惠阳秋长白石汽车站、坑梓街道办、坪山国惠康、五洲龙、世贸百货、龙岗汽车总站、黄阁翠苑、雁田海关、平湖汽车站、富士康、华为、万科城、坂田民营市场、梅林联检站、深圳北站。深圳东部沿海公交更便捷', '2014-6-9', null, null, '0', '0', '0', null, '1');
INSERT INTO `blogcontent` VALUES ('98', '深惠3B线', '97深惠3B线更名“深惠3线”贯穿龙岗中心城、东莞凤岗、惠州惠阳明天首条贯穿深圳、惠州、东莞三地的公交线路深惠3线将正式开通。该线路连接三地，将为缓解大型企业如富士康、华为、伯恩厂的员工出行以及沿海交通压力。三地市民出行更方便深圳市交通运输委员会着力于深惠、深莞交会公交线路的优化及合理布局。近期，将原深惠3A、3B线路进行优化和调整，将于6月10日正式开通。优化调整后的深惠3B线路名称变更为“深惠3线”(原3A线只作微调)，是至今首条贯通深莞惠三市的公交线路。深惠3线覆盖了深圳龙岗中心城，东莞凤岗以及惠州惠阳片区，实现了深莞惠三地5个毗邻镇（街道）之间的跨界出行，并且与我市轨道交通、城际高铁和城市公交等综合交通实现了无缝衔接。因该线路经过富士康、华为，伯恩厂等大型企业，缓解了他们员工出行困难的问题。该线路主要途经站点：惠阳秋长白石汽车站、坑梓街道办、坪山国惠康、五洲龙、世贸百货、龙岗汽车总站、黄阁翠苑、雁田海关、平湖汽车站、富士康、华为、万科城、坂田民营市场、梅林联检站、深圳北站。深圳东部沿海公交更便捷', '2014-6-9', null, null, '0', '0', '0', null, '4');
INSERT INTO `blogcontent` VALUES ('99', '深惠3B线', '98深惠3B线更名“深惠3线”贯穿龙岗中心城、东莞凤岗、惠州惠阳明天首条贯穿深圳、惠州、东莞三地的公交线路深惠3线将正式开通。该线路连接三地，将为缓解大型企业如富士康、华为、伯恩厂的员工出行以及沿海交通压力。三地市民出行更方便深圳市交通运输委员会着力于深惠、深莞交会公交线路的优化及合理布局。近期，将原深惠3A、3B线路进行优化和调整，将于6月10日正式开通。优化调整后的深惠3B线路名称变更为“深惠3线”(原3A线只作微调)，是至今首条贯通深莞惠三市的公交线路。深惠3线覆盖了深圳龙岗中心城，东莞凤岗以及惠州惠阳片区，实现了深莞惠三地5个毗邻镇（街道）之间的跨界出行，并且与我市轨道交通、城际高铁和城市公交等综合交通实现了无缝衔接。因该线路经过富士康、华为，伯恩厂等大型企业，缓解了他们员工出行困难的问题。该线路主要途经站点：惠阳秋长白石汽车站、坑梓街道办、坪山国惠康、五洲龙、世贸百货、龙岗汽车总站、黄阁翠苑、雁田海关、平湖汽车站、富士康、华为、万科城、坂田民营市场、梅林联检站、深圳北站。深圳东部沿海公交更便捷', '2014-6-9', null, null, '0', '0', '0', null, '1');
INSERT INTO `blogcontent` VALUES ('100', '深惠3B线', '99深惠3B线更名“深惠3线”贯穿龙岗中心城、东莞凤岗、惠州惠阳明天首条贯穿深圳、惠州、东莞三地的公交线路深惠3线将正式开通。该线路连接三地，将为缓解大型企业如富士康、华为、伯恩厂的员工出行以及沿海交通压力。三地市民出行更方便深圳市交通运输委员会着力于深惠、深莞交会公交线路的优化及合理布局。近期，将原深惠3A、3B线路进行优化和调整，将于6月10日正式开通。优化调整后的深惠3B线路名称变更为“深惠3线”(原3A线只作微调)，是至今首条贯通深莞惠三市的公交线路。深惠3线覆盖了深圳龙岗中心城，东莞凤岗以及惠州惠阳片区，实现了深莞惠三地5个毗邻镇（街道）之间的跨界出行，并且与我市轨道交通、城际高铁和城市公交等综合交通实现了无缝衔接。因该线路经过富士康、华为，伯恩厂等大型企业，缓解了他们员工出行困难的问题。该线路主要途经站点：惠阳秋长白石汽车站、坑梓街道办、坪山国惠康、五洲龙、世贸百货、龙岗汽车总站、黄阁翠苑、雁田海关、平湖汽车站、富士康、华为、万科城、坂田民营市场、梅林联检站、深圳北站。深圳东部沿海公交更便捷', '2014-6-9', null, null, '0', '0', '0', null, '4');

-- ----------------------------
-- Table structure for bloguser
-- ----------------------------
DROP TABLE IF EXISTS `bloguser`;
CREATE TABLE `bloguser` (
  `u_Id` int(11) NOT NULL auto_increment,
  `u_Name` varchar(40) default NULL,
  `u_Nickname` varchar(40) default NULL,
  `u_Password` varchar(40) default NULL,
  `u_Province` varchar(40) default NULL,
  `u_City` varchar(40) default NULL,
  `u_Area` varchar(40) default NULL,
  `u_Birthday` varchar(40) default NULL,
  `u_Sign` varchar(40) default NULL,
  `u_Pic` varchar(240) default NULL,
  `u_Status` int(11) default NULL,
  `u_LoginTime` varchar(40) default NULL,
  `u_Power` int(11) default NULL,
  `u_Email` varchar(40) default NULL,
  PRIMARY KEY  (`u_Id`)
) ENGINE=InnoDB DEFAULT CHARSET=utf8;

-- ----------------------------
-- Records of bloguser
-- ----------------------------
INSERT INTO `bloguser` VALUES ('1', null, null, null, null, '1', '1', '1', null, null, '0', null, '0', null);
INSERT INTO `bloguser` VALUES ('2', 'aa', 'aa', 'aa123', null, '123', null, '1991-11', 'fsdfsdf', 'upload/image/1402829881724BbsImg140006979096298_594-418.jpg', '0', null, '0', 'aasuperkey@163.com');
INSERT INTO `bloguser` VALUES ('3', 'admin', 'aa123', 'aa6988032', null, '', null, '1991-11', '', 'upload/image/123.jpg', '0', null, '0', 'aasuperkey@163.com');
INSERT INTO `bloguser` VALUES ('4', 'fuck', 'fuck', '11111', null, '', null, '1999-11', '', 'upload/image/1402768895456考试时间表.png', '0', null, '0', 'fcuk@fuck.fuck');

-- ----------------------------
-- Table structure for category
-- ----------------------------
DROP TABLE IF EXISTS `category`;
CREATE TABLE `category` (
  `id` int(11) NOT NULL auto_increment,
  `c_Name` varchar(255) default NULL,
  PRIMARY KEY  (`id`)
) ENGINE=InnoDB DEFAULT CHARSET=utf8;

-- ----------------------------
-- Records of category
-- ----------------------------
INSERT INTO `category` VALUES ('1', '生活');
INSERT INTO `category` VALUES ('2', '程序');
INSERT INTO `category` VALUES ('3', '随笔');
INSERT INTO `category` VALUES ('4', '其他');

-- ----------------------------
-- Table structure for messagebox
-- ----------------------------
DROP TABLE IF EXISTS `messagebox`;
CREATE TABLE `messagebox` (
  `m_Id` int(11) NOT NULL auto_increment,
  `reply_Time` varchar(255) default NULL,
  `reply_Content` longtext,
  `u_Type` int(11) default NULL,
  `u_Id` int(11) default NULL,
  `reply_Status` int(11) default NULL,
  PRIMARY KEY  (`m_Id`),
  KEY `FK_kymekl8o670lm9c0wjttau689` (`u_Id`),
  CONSTRAINT `FK_kymekl8o670lm9c0wjttau689` FOREIGN KEY (`u_Id`) REFERENCES `bloguser` (`u_Id`)
) ENGINE=InnoDB DEFAULT CHARSET=utf8;

-- ----------------------------
-- Records of messagebox
-- ----------------------------
INSERT INTO `messagebox` VALUES ('1', '1402640302696', '测试', '0', '2', '0');
INSERT INTO `messagebox` VALUES ('3', '1402640302696', '测试', '0', '2', '0');
INSERT INTO `messagebox` VALUES ('6', '1402640302696', '测试', '0', '2', '0');
INSERT INTO `messagebox` VALUES ('10', '1402640302696', '测试', '0', '2', '0');
INSERT INTO `messagebox` VALUES ('13', '1402640302696', '测试', '0', '2', '0');
INSERT INTO `messagebox` VALUES ('16', '1402640302696', '测试', '0', '2', '0');
INSERT INTO `messagebox` VALUES ('18', '1402640302696', '测试', '0', '2', '0');
INSERT INTO `messagebox` VALUES ('21', '1402640302696', '测试', '0', '2', '0');
INSERT INTO `messagebox` VALUES ('25', '1402640302696', '测试', '0', '2', '0');
INSERT INTO `messagebox` VALUES ('28', '1402640302696', '测试', '0', '2', '0');
INSERT INTO `messagebox` VALUES ('29', '1402640302696', 'aaa', '1', '3', '0');
INSERT INTO `messagebox` VALUES ('30', '1402640391040', 'aaa', '1', '2', '0');
INSERT INTO `messagebox` VALUES ('35', '1402663166894', 'aaaaaaaaaaaaaaaaaaaaaaaaaaaaaaaaaaaaaaaaaaaaaaaaaaaaaaaaaaaaaaaaaaaaaaaaaaaaaa', '0', '2', '0');
INSERT INTO `messagebox` VALUES ('36', '1402663189049', 'ceshi2', '0', '2', '0');
INSERT INTO `messagebox` VALUES ('37', '1402669963186', 'wwwww', '0', '2', '0');
INSERT INTO `messagebox` VALUES ('38', '1402811700852', 'ceshi2', '0', '3', '0');
INSERT INTO `messagebox` VALUES ('39', '1403074684961', 'ggggggggggggggggggggggggggggggggggggggggggggggggggggggggggggggggggggggggggggggggg', '0', '2', '0');

-- ----------------------------
-- Table structure for recommend
-- ----------------------------
DROP TABLE IF EXISTS `recommend`;
CREATE TABLE `recommend` (
  `r_Id` int(11) NOT NULL auto_increment,
  `bid` int(11) default NULL,
  PRIMARY KEY  (`r_Id`),
  UNIQUE KEY `UK_nbpujcg43j53qdu9fgfnuraqc` (`bid`),
  CONSTRAINT `FK_nbpujcg43j53qdu9fgfnuraqc` FOREIGN KEY (`bid`) REFERENCES `blogcontent` (`log_Id`)
) ENGINE=InnoDB DEFAULT CHARSET=utf8;

-- ----------------------------
-- Records of recommend
-- ----------------------------
INSERT INTO `recommend` VALUES ('1', '1');
INSERT INTO `recommend` VALUES ('2', '2');
INSERT INTO `recommend` VALUES ('4', '4');
INSERT INTO `recommend` VALUES ('5', '5');
INSERT INTO `recommend` VALUES ('8', '8');
INSERT INTO `recommend` VALUES ('10', '10');
INSERT INTO `recommend` VALUES ('14', '14');

-- ----------------------------
-- Table structure for report
-- ----------------------------
DROP TABLE IF EXISTS `report`;
CREATE TABLE `report` (
  `r_Id` int(11) NOT NULL auto_increment,
  `u_Name` varchar(255) default NULL,
  `r_Title` varchar(20) default NULL,
  `r_Content` varchar(40) default NULL,
  `r_Status` int(11) default NULL,
  PRIMARY KEY  (`r_Id`)
) ENGINE=InnoDB DEFAULT CHARSET=utf8;

-- ----------------------------
-- Records of report
-- ----------------------------

-- ----------------------------
-- Table structure for send_message
-- ----------------------------
DROP TABLE IF EXISTS `send_message`;
CREATE TABLE `send_message` (
  `sm_Id` int(11) NOT NULL auto_increment,
  `msg_Content` varchar(30) default NULL,
  `send_Time` varchar(30) default NULL,
  `flag` int(11) default NULL,
  `save_M` int(11) default NULL,
  `image` varchar(100) default NULL,
  `give_message_name` varchar(30) default NULL,
  PRIMARY KEY  (`sm_Id`),
  KEY `FK_df6v78pb59c1xk1dhhdpa4ctx` (`save_M`),
  CONSTRAINT `FK_df6v78pb59c1xk1dhhdpa4ctx` FOREIGN KEY (`save_M`) REFERENCES `bloguser` (`u_Id`)
) ENGINE=InnoDB DEFAULT CHARSET=utf8;

-- ----------------------------
-- Records of send_message
-- ----------------------------
INSERT INTO `send_message` VALUES ('1', 'ceshi1', '2014-06-14 12:10:49', '0', '2', 'upload/image/123.jpg', 'admin');
INSERT INTO `send_message` VALUES ('2', 'ceshi2', '2014-06-14 12:10:49', '0', '2', 'upload/image/123.jpg', 'admin');
INSERT INTO `send_message` VALUES ('3', 'ceshi3', '2014-06-14 12:10:49', '0', '2', 'upload/image/123.jpg', 'admin');
INSERT INTO `send_message` VALUES ('4', 'ceshi4', '2014-06-14 12:10:49', '0', '2', 'upload/image/123.jpg', 'admin');
INSERT INTO `send_message` VALUES ('5', 'ceshi5', '2014-06-14 12:10:49', '0', '2', 'upload/image/123.jpg', 'admin');
INSERT INTO `send_message` VALUES ('6', 'ceshi6', '2014-06-14 12:10:49', '0', '2', 'upload/image/123.jpg', 'admin');
INSERT INTO `send_message` VALUES ('7', 'ceshi7', '2014-06-14 12:10:49', '0', '2', 'upload/image/123.jpg', 'admin');
INSERT INTO `send_message` VALUES ('8', 'ceshi8', '2014-06-14 12:10:49', '0', '2', 'upload/image/123.jpg', 'admin');
INSERT INTO `send_message` VALUES ('9', 'ceshi9', '2014-06-14 12:10:49', '0', '2', 'upload/image/123.jpg', 'admin');
INSERT INTO `send_message` VALUES ('10', 'ceshi10', '2014-06-14 12:10:49', '0', '2', 'upload/image/123.jpg', 'admin');
INSERT INTO `send_message` VALUES ('11', 'ceshi11', '2014-06-14 12:10:49', '0', '2', 'upload/image/123.jpg', 'admin');
INSERT INTO `send_message` VALUES ('12', 'ceshi12', '2014-06-14 12:10:49', '0', '2', 'upload/image/123.jpg', 'admin');
INSERT INTO `send_message` VALUES ('13', 'ceshi13', '2014-06-14 12:10:49', '0', '2', 'upload/image/123.jpg', 'admin');
INSERT INTO `send_message` VALUES ('14', 'ceshi14', '2014-06-14 12:10:49', '0', '2', 'upload/image/123.jpg', 'admin');
INSERT INTO `send_message` VALUES ('15', 'ceshi15', '2014-06-14 12:10:49', '0', '2', 'upload/image/123.jpg', 'admin');
INSERT INTO `send_message` VALUES ('19', 'woaini', '2014-06-15 13:40:57', '0', '3', 'upload/image/32772943820130529213355074.jpg', 'aa');
INSERT INTO `send_message` VALUES ('20', 'woaini', '2014-06-15 13:41:01', '0', '3', 'upload/image/32772943820130529213355074.jpg', 'aa');
INSERT INTO `send_message` VALUES ('21', 'woyeaini', '2014-06-15 13:41:05', '0', '3', 'upload/image/32772943820130529213355074.jpg', 'aa');
INSERT INTO `send_message` VALUES ('22', 'wwww', '2014-06-15 17:00:49', '0', '3', 'upload/image/1402819462283BbsImg140006979096298_594-418.jpg', 'aa');
